frame,iso_time,infer_fps,loop_fps,infer_ms,n_obj,bldc_motor,stm32f4,mpu6500,ir_sensor,elco_capacitor,resistor,pin_header,xt30_female
0,2026-06-16T07:24:05.031,1.88,1.78,531.65,10,1,2,1,1,1,0,3,1
1,2026-06-16T07:24:05.084,81.64,18.55,12.25,10,1,2,1,1,1,0,3,1
2,2026-06-16T07:24:05.113,45.75,34.83,21.86,8,1,1,0,1,1,0,3,1
3,2026-06-16T07:24:05.132,86.19,54.25,11.6,9,1,2,0,1,1,0,3,1
4,2026-06-16T07:24:05.178,87.46,21.31,11.43,9,1,1,1,1,1,0,3,1
5,2026-06-16T07:24:05.196,90.64,57.76,11.03,9,1,2,0,1,1,0,3,1
6,2026-06-16T07:24:05.214,91.01,56.74,10.99,8,1,1,0,1,1,0,3,1
7,2026-06-16T07:24:05.250,69.66,27.8,14.36,8,1,1,0,1,1,0,3,1
8,2026-06-16T07:24:05.278,82.25,34.32,12.16,9,1,2,0,1,1,0,3,1
9,2026-06-16T07:24:05.309,89.87,32.32,11.13,9,1,1,1,1,1,0,3,1
10,2026-06-16T07:24:05.342,84.37,30.26,11.85,8,1,1,0,1,1,0,3,1
11,2026-06-16T07:24:05.374,90.04,32.19,11.11,8,1,1,0,1,1,0,3,1
12,2026-06-16T07:24:05.405,89.4,31.42,11.19,8,1,1,0,1,1,0,3,1
13,2026-06-16T07:24:05.437,89.94,31.35,11.12,9,1,2,0,1,1,0,3,1
14,2026-06-16T07:24:05.486,84.3,20.46,11.86,9,1,2,0,1,1,0,3,1
15,2026-06-16T07:24:05.518,84.96,31.34,11.77,9,1,2,0,1,1,0,3,1
16,2026-06-16T07:24:05.562,46.75,23.15,21.39,9,1,2,0,1,1,0,3,1
17,2026-06-16T07:24:05.582,87.59,48.76,11.42,9,1,2,0,1,1,0,3,1
18,2026-06-16T07:24:05.614,86.21,31.11,11.6,8,1,1,0,1,1,0,3,1
19,2026-06-16T07:24:05.654,50.69,24.53,19.73,8,1,1,0,1,1,0,3,1
20,2026-06-16T07:24:05.677,92.1,44.81,10.86,9,1,1,1,1,1,0,3,1
21,2026-06-16T07:24:05.708,92.96,31.28,10.76,8,1,1,0,1,1,0,3,1
22,2026-06-16T07:24:05.749,57.32,25.19,17.45,8,1,1,0,1,1,0,3,1
23,2026-06-16T07:24:05.775,81.27,37.92,12.3,9,1,2,0,1,1,0,3,1
24,2026-06-16T07:24:05.806,88.56,32.7,11.29,10,1,3,0,1,1,0,3,1
25,2026-06-16T07:24:05.839,80.33,29.34,12.45,9,1,1,1,1,1,0,3,1
26,2026-06-16T07:24:05.885,91.15,21.86,10.97,9,1,2,0,1,1,0,3,1
27,2026-06-16T07:24:05.917,93.54,31.69,10.69,9,1,1,1,1,1,0,3,1
28,2026-06-16T07:24:05.949,93.26,31.12,10.72,8,1,1,0,1,1,0,3,1
29,2026-06-16T07:24:05.994,44.29,22.14,22.58,9,1,2,0,1,1,0,3,1
30,2026-06-16T07:24:06.014,83.78,50.41,11.94,8,1,1,0,1,1,0,3,1
31,2026-06-16T07:24:06.053,58.68,26.01,17.04,10,1,2,1,1,1,0,3,1
32,2026-06-16T07:24:06.077,84.62,39.34,11.82,8,1,1,0,1,1,0,3,1
33,2026-06-16T07:24:06.109,90.57,31.87,11.04,10,1,2,1,1,1,0,3,1
34,2026-06-16T07:24:06.147,64.94,26.89,15.4,9,1,2,0,1,1,0,3,1
35,2026-06-16T07:24:06.174,84.15,36.21,11.88,8,1,1,0,1,1,0,3,1
36,2026-06-16T07:24:06.216,47.79,23.7,20.93,9,1,1,1,1,1,0,3,1
37,2026-06-16T07:24:06.238,85.61,45.63,11.68,9,1,2,0,1,1,0,3,1
38,2026-06-16T07:24:06.285,93.34,21.38,10.71,9,1,1,1,1,1,0,3,1
39,2026-06-16T07:24:06.317,93.87,31.39,10.65,9,1,2,0,1,1,0,3,1
40,2026-06-16T07:24:06.349,94.54,31.28,10.58,9,1,2,0,1,1,0,3,1
41,2026-06-16T07:24:06.381,93.47,31.3,10.7,8,1,1,0,1,1,0,3,1
42,2026-06-16T07:24:06.414,87.42,29.95,11.44,8,1,1,0,1,1,0,3,1
43,2026-06-16T07:24:06.456,49.2,24.2,20.32,9,1,2,0,1,1,0,3,1
44,2026-06-16T07:24:06.478,89.73,44.29,11.14,10,1,2,1,1,1,0,3,1
45,2026-06-16T07:24:06.508,95.88,32.73,10.43,9,1,2,0,1,1,0,3,1
46,2026-06-16T07:24:06.550,51.65,24.04,19.36,10,1,2,1,1,1,0,3,1
47,2026-06-16T07:24:06.572,97.15,44.72,10.29,10,1,2,1,1,1,0,3,1
48,2026-06-16T07:24:06.604,96.3,31.13,10.38,11,1,3,1,1,1,0,3,1
49,2026-06-16T07:24:06.647,49.69,23.38,20.13,10,1,2,1,1,1,0,3,1
50,2026-06-16T07:24:06.685,92.67,26.62,10.79,9,1,2,0,1,1,0,3,1
51,2026-06-16T07:24:06.716,97.81,31.93,10.22,9,1,2,0,1,1,0,3,1
52,2026-06-16T07:24:06.755,61.11,25.55,16.36,10,1,2,1,1,1,0,3,1
53,2026-06-16T07:24:06.781,96.55,39.62,10.36,10,1,2,1,1,1,0,3,1
54,2026-06-16T07:24:06.812,97.21,31.52,10.29,9,1,2,0,1,1,0,3,1
55,2026-06-16T07:24:06.847,86.51,28.98,11.56,11,1,4,0,1,1,0,3,1
56,2026-06-16T07:24:06.879,84.96,31.85,11.77,10,1,3,0,1,1,0,3,1
57,2026-06-16T07:24:06.908,97.34,33.21,10.27,9,1,2,0,1,1,0,3,1
58,2026-06-16T07:24:06.942,94.22,30.68,10.61,11,1,4,0,1,1,0,3,1
59,2026-06-16T07:24:06.973,94.86,31.39,10.54,12,1,5,0,1,1,0,3,1
60,2026-06-16T07:24:07.005,94.42,31.4,10.59,10,1,2,1,1,1,0,3,1
61,2026-06-16T07:24:07.037,95.6,31.11,10.46,11,1,3,1,1,1,0,3,1
62,2026-06-16T07:24:07.086,84.75,20.09,11.8,10,1,2,1,1,1,0,3,1
63,2026-06-16T07:24:07.117,96.6,33.43,10.35,10,1,3,0,1,1,0,3,1
64,2026-06-16T07:24:07.149,92.72,30.91,10.78,10,1,2,1,1,1,0,3,1
65,2026-06-16T07:24:07.182,87.29,30.5,11.46,9,1,1,1,1,1,0,3,1
66,2026-06-16T07:24:07.214,93.34,31.88,10.71,10,1,2,1,1,1,0,3,1
67,2026-06-16T07:24:07.245,94.26,31.42,10.61,10,1,3,0,1,1,0,3,1
68,2026-06-16T07:24:07.284,61.57,25.99,16.24,11,1,3,1,1,1,0,3,1
69,2026-06-16T07:24:07.311,85.58,36.65,11.69,10,1,2,1,1,1,0,3,1
70,2026-06-16T07:24:07.342,90.45,32.53,11.06,10,1,2,1,1,1,0,3,1
71,2026-06-16T07:24:07.374,91.76,30.65,10.9,10,1,2,1,1,1,0,3,1
72,2026-06-16T07:24:07.404,96.93,32.91,10.32,9,1,2,0,1,1,0,3,1
73,2026-06-16T07:24:07.436,96.52,31.08,10.36,10,2,2,0,1,1,0,3,1
74,2026-06-16T07:24:07.486,90.97,20.48,10.99,10,1,3,0,1,1,0,3,1
75,2026-06-16T07:24:07.518,86.6,30.41,11.55,9,1,2,0,1,1,0,3,1
76,2026-06-16T07:24:07.549,96.87,32.83,10.32,12,1,5,0,1,1,0,3,1
77,2026-06-16T07:24:07.588,59.05,25.5,16.93,11,1,4,0,1,1,0,3,1
78,2026-06-16T07:24:07.613,95.99,40.49,10.42,11,1,3,1,1,1,0,3,1
79,2026-06-16T07:24:07.645,96.38,31.41,10.38,9,1,1,1,1,1,0,3,1
80,2026-06-16T07:24:07.679,84.54,29.06,11.83,11,1,4,0,1,1,0,3,1
81,2026-06-16T07:24:07.709,89.35,32.85,11.19,10,1,3,0,1,1,0,3,1
82,2026-06-16T07:24:07.742,86.86,30.42,11.51,10,1,3,0,1,1,0,3,1
83,2026-06-16T07:24:07.773,95.85,32.77,10.43,11,1,3,1,1,1,0,3,1
84,2026-06-16T07:24:07.804,95.51,31.46,10.47,10,1,3,0,1,1,0,3,1
85,2026-06-16T07:24:07.838,91.24,30.61,10.96,10,1,3,0,1,1,0,3,1
86,2026-06-16T07:24:07.869,92.57,31.53,10.8,8,1,1,0,1,1,0,3,1
87,2026-06-16T07:24:07.917,97.62,20.87,10.24,13,1,6,0,1,1,0,3,1
88,2026-06-16T07:24:07.950,86.69,30.1,11.54,8,1,1,0,1,1,0,3,1
89,2026-06-16T07:24:07.981,96.33,32.6,10.38,9,1,1,1,1,1,0,3,1
90,2026-06-16T07:24:08.012,97.3,31.56,10.28,9,1,2,0,1,1,0,3,1
91,2026-06-16T07:24:08.045,95.89,31.09,10.43,10,1,3,0,1,1,0,3,1
92,2026-06-16T07:24:08.076,97.49,31.46,10.26,9,1,2,0,1,1,0,3,1
93,2026-06-16T07:24:08.116,57.1,25.01,17.51,9,1,1,1,1,1,0,3,1
94,2026-06-16T07:24:08.151,51.29,29.13,19.5,11,1,3,1,1,1,0,3,1
95,2026-06-16T07:24:08.175,86.75,42.17,11.53,8,1,1,0,1,1,0,3,1
96,2026-06-16T07:24:08.208,77.51,29.99,12.9,9,1,2,0,1,1,0,3,1
97,2026-06-16T07:24:08.237,92.79,34.13,10.78,9,1,2,0,1,1,0,3,1
98,2026-06-16T07:24:08.269,94.62,31.53,10.57,9,1,2,0,1,1,0,3,1
99,2026-06-16T07:24:08.316,96.73,20.91,10.34,10,1,3,0,1,1,0,3,1
100,2026-06-16T07:24:08.348,95.17,31.28,10.51,9,1,2,0,1,1,0,3,1
101,2026-06-16T07:24:08.382,88.22,29.96,11.34,9,1,2,0,1,1,0,3,1
102,2026-06-16T07:24:08.421,53.96,25.3,18.53,9,1,1,1,1,1,0,3,1
103,2026-06-16T07:24:08.444,94.9,42.91,10.54,10,1,3,0,1,1,0,3,1
104,2026-06-16T07:24:08.478,82.66,29.75,12.1,10,1,3,0,1,1,0,3,1
105,2026-06-16T07:24:08.514,68.38,28.21,14.62,10,1,3,0,1,1,0,3,1
106,2026-06-16T07:24:08.541,93.95,37.0,10.64,9,1,2,0,1,1,0,3,1
107,2026-06-16T07:24:08.573,94.51,31.44,10.58,9,1,2,0,1,1,0,3,1
108,2026-06-16T07:24:08.606,87.25,29.94,11.46,8,1,1,0,1,1,0,3,1
109,2026-06-16T07:24:08.647,51.13,24.79,19.56,9,1,2,0,1,1,0,3,1
110,2026-06-16T07:24:08.669,95.07,44.81,10.52,10,1,3,0,1,1,0,3,1
111,2026-06-16T07:24:08.726,52.02,17.39,19.22,9,1,2,0,1,1,0,3,1
112,2026-06-16T07:24:08.749,92.42,43.86,10.82,9,1,2,0,1,1,0,3,1
113,2026-06-16T07:24:08.780,97.38,32.0,10.27,8,1,1,0,1,1,0,3,1
114,2026-06-16T07:24:08.814,85.46,29.24,11.7,11,1,3,1,1,1,0,3,1
115,2026-06-16T07:24:08.855,51.12,24.94,19.56,10,1,2,1,1,1,0,3,1
116,2026-06-16T07:24:08.877,93.55,44.82,10.69,9,1,2,0,1,1,0,3,1
117,2026-06-16T07:24:08.910,90.69,30.67,11.03,10,1,3,0,1,1,0,3,1
118,2026-06-16T07:24:08.942,85.39,30.77,11.71,10,1,3,0,1,1,0,3,1
119,2026-06-16T07:24:08.973,90.07,31.68,11.1,11,1,3,1,1,1,0,3,1
120,2026-06-16T07:24:09.005,91.92,31.46,10.88,10,1,3,0,1,1,0,3,1
121,2026-06-16T07:24:09.038,85.19,30.53,11.74,8,1,1,0,1,1,0,3,1
122,2026-06-16T07:24:09.069,95.58,32.74,10.46,9,1,1,1,1,1,0,3,1
123,2026-06-16T07:24:09.116,96.82,20.85,10.33,10,1,3,0,1,1,0,3,1
124,2026-06-16T07:24:09.149,95.35,31.01,10.49,11,1,3,1,1,1,0,3,1
125,2026-06-16T07:24:09.181,91.67,31.0,10.91,10,1,3,0,1,1,0,3,1
126,2026-06-16T07:24:09.213,93.61,31.38,10.68,9,1,1,1,1,1,0,3,1
127,2026-06-16T07:24:09.253,55.72,24.83,17.95,9,1,2,0,1,1,0,3,1
128,2026-06-16T07:24:09.277,87.25,40.82,11.46,9,1,2,0,1,1,0,3,1
129,2026-06-16T07:24:09.309,95.93,32.23,10.42,11,1,4,0,1,1,0,3,1
130,2026-06-16T07:24:09.342,94.95,30.32,10.53,10,1,3,0,1,1,0,3,1
131,2026-06-16T07:24:09.372,97.2,32.54,10.29,10,1,3,0,1,1,0,3,1
132,2026-06-16T07:24:09.405,94.5,30.96,10.58,8,1,1,0,1,1,0,3,1
133,2026-06-16T07:24:09.442,61.99,26.72,16.13,9,1,1,1,1,1,0,3,1
134,2026-06-16T07:24:09.470,89.24,36.07,11.21,10,1,3,0,1,1,0,3,1
135,2026-06-16T07:24:09.517,89.22,20.99,11.21,10,1,3,0,1,1,0,3,1
136,2026-06-16T07:24:09.555,62.34,26.82,16.04,8,1,1,0,1,1,0,3,1
137,2026-06-16T07:24:09.581,95.39,38.66,10.48,10,1,3,0,1,1,0,3,1
138,2026-06-16T07:24:09.613,96.54,31.19,10.36,12,1,4,1,1,1,0,3,1
139,2026-06-16T07:24:09.646,86.87,29.54,11.51,10,1,2,1,1,1,0,3,1
140,2026-06-16T07:24:09.677,94.64,33.04,10.57,10,1,3,0,1,1,0,3,1
141,2026-06-16T07:24:09.710,91.01,30.58,10.99,9,1,1,1,1,1,0,3,1
142,2026-06-16T07:24:09.742,86.22,30.97,11.6,9,1,2,0,1,1,0,3,1
143,2026-06-16T07:24:09.773,96.15,32.43,10.4,10,1,2,1,1,1,0,3,1
144,2026-06-16T07:24:09.804,96.0,31.43,10.42,10,1,3,0,1,1,0,3,1
145,2026-06-16T07:24:09.838,93.08,30.72,10.74,11,1,4,0,1,1,0,3,1
146,2026-06-16T07:24:09.869,96.54,31.75,10.36,9,1,1,1,1,1,0,3,1
147,2026-06-16T07:24:09.919,85.75,19.97,11.66,9,1,1,1,1,1,0,3,1
148,2026-06-16T07:24:09.949,94.0,33.19,10.64,9,1,2,0,1,1,0,3,1
149,2026-06-16T07:24:09.980,96.0,31.56,10.42,9,1,2,0,1,1,0,3,1
150,2026-06-16T07:24:10.013,95.51,31.1,10.47,9,1,1,1,1,1,0,3,1
151,2026-06-16T07:24:10.055,51.02,23.78,19.6,11,1,3,1,1,1,0,3,1
152,2026-06-16T07:24:10.083,63.93,36.04,15.64,9,1,2,0,1,1,0,3,1
153,2026-06-16T07:24:10.108,97.3,38.41,10.28,10,1,3,0,1,1,0,3,1
154,2026-06-16T07:24:10.142,88.57,29.88,11.29,10,1,3,0,1,1,0,3,1
155,2026-06-16T07:24:10.176,76.78,29.21,13.02,9,1,2,0,1,1,0,3,1
156,2026-06-16T07:24:10.205,89.55,34.15,11.17,9,1,1,1,1,1,0,3,1
157,2026-06-16T07:24:10.236,95.49,32.01,10.47,9,1,1,1,1,1,0,3,1
158,2026-06-16T07:24:10.270,91.82,30.64,10.89,11,1,3,1,1,1,0,3,1
159,2026-06-16T07:24:10.301,95.86,32.16,10.43,9,1,1,1,1,1,0,3,1
160,2026-06-16T07:24:10.350,89.65,20.33,11.15,8,1,1,0,1,1,0,3,1
161,2026-06-16T07:24:10.388,56.94,25.98,17.56,8,1,1,0,1,1,0,3,1
162,2026-06-16T07:24:10.413,96.65,41.14,10.35,9,1,2,0,1,1,0,3,1
163,2026-06-16T07:24:10.445,91.7,30.42,10.91,10,1,2,1,1,1,0,3,1
164,2026-06-16T07:24:10.479,82.18,30.15,12.17,8,1,1,0,1,1,0,3,1
165,2026-06-16T07:24:10.509,94.53,32.99,10.58,9,1,2,0,1,1,0,3,1
166,2026-06-16T07:24:10.542,92.45,30.81,10.82,11,1,4,0,1,1,0,3,1
167,2026-06-16T07:24:10.574,89.86,30.78,11.13,9,1,2,0,1,1,0,3,1
168,2026-06-16T07:24:10.604,97.38,32.45,10.27,9,1,2,0,1,1,0,3,1
169,2026-06-16T07:24:10.636,97.42,31.37,10.27,10,1,2,1,1,1,0,3,1
170,2026-06-16T07:24:10.669,93.23,30.89,10.73,9,1,1,1,1,1,0,3,1
171,2026-06-16T07:24:10.700,95.83,31.56,10.44,9,1,1,1,1,1,0,3,1
172,2026-06-16T07:24:10.758,52.02,17.35,19.22,9,1,2,0,1,1,0,3,1
173,2026-06-16T07:24:10.792,48.36,29.19,20.68,11,1,4,0,1,1,0,3,1
174,2026-06-16T07:24:10.813,95.08,49.05,10.52,10,1,3,0,1,1,0,3,1
175,2026-06-16T07:24:10.845,95.36,31.24,10.49,10,1,3,0,1,1,0,3,1
176,2026-06-16T07:24:10.877,95.87,31.32,10.43,11,1,3,1,1,1,0,3,1
177,2026-06-16T07:24:10.918,51.42,23.92,19.45,10,1,3,0,1,1,0,3,1
178,2026-06-16T07:24:10.941,92.88,44.32,10.77,9,1,1,1,1,1,0,3,1
179,2026-06-16T07:24:10.973,94.54,31.42,10.58,11,1,4,0,1,1,0,3,1
180,2026-06-16T07:24:11.006,89.23,30.38,11.21,9,1,1,1,1,1,0,3,1
181,2026-06-16T07:24:11.111,61.07,9.46,16.38,9,1,1,1,1,1,0,3,1
182,2026-06-16T07:24:11.127,96.59,61.64,10.35,9,1,1,1,1,1,0,3,1
183,2026-06-16T07:24:11.148,98.8,48.51,10.12,9,1,2,0,1,1,0,3,1
184,2026-06-16T07:24:11.180,95.61,31.02,10.46,10,1,3,0,1,1,0,3,1
185,2026-06-16T07:24:11.213,91.48,30.46,10.93,9,1,1,1,1,1,0,3,1
186,2026-06-16T07:24:11.255,51.21,24.48,19.53,9,1,2,0,1,1,0,3,1
187,2026-06-16T07:24:11.277,95.5,44.24,10.47,12,1,5,0,1,1,0,3,1
188,2026-06-16T07:24:11.316,59.98,25.91,16.67,10,1,2,1,1,1,0,3,1
189,2026-06-16T07:24:11.340,97.46,40.1,10.26,9,1,1,1,1,1,0,3,1
190,2026-06-16T07:24:11.373,94.75,30.91,10.55,10,1,3,0,1,1,0,3,1
191,2026-06-16T07:24:11.405,95.11,31.44,10.51,8,1,1,0,1,1,0,3,1
192,2026-06-16T07:24:11.438,86.14,29.75,11.61,9,1,1,1,1,1,0,3,1
193,2026-06-16T07:24:11.479,47.89,24.13,20.88,8,1,1,0,1,1,0,3,1
194,2026-06-16T07:24:11.503,85.01,44.27,11.76,9,1,1,1,1,1,0,3,1
195,2026-06-16T07:24:11.549,94.41,21.48,10.59,9,1,2,0,1,1,0,3,1
196,2026-06-16T07:24:11.581,95.55,31.48,10.47,9,1,1,1,1,1,0,3,1
197,2026-06-16T07:24:11.621,56.38,24.92,17.74,9,1,2,0,1,1,0,3,1
198,2026-06-16T07:24:11.646,87.84,39.47,11.38,10,1,2,1,1,1,0,3,1
199,2026-06-16T07:24:11.677,93.65,32.46,10.68,8,1,1,0,1,1,0,3,1
200,2026-06-16T07:24:11.719,49.93,23.68,20.03,9,1,1,1,1,1,0,3,1
201,2026-06-16T07:24:11.741,94.95,46.4,10.53,9,1,2,0,1,1,0,3,1
202,2026-06-16T07:24:11.773,95.99,31.34,10.42,9,1,2,0,1,1,0,3,1
203,2026-06-16T07:24:11.805,95.71,31.09,10.45,9,1,2,0,1,1,0,3,1
204,2026-06-16T07:24:11.837,93.55,31.08,10.69,9,1,2,0,1,1,0,3,1
205,2026-06-16T07:24:11.879,50.27,23.6,19.89,10,1,2,1,1,1,0,3,1
206,2026-06-16T07:24:11.901,93.11,46.01,10.74,10,1,3,0,1,1,0,3,1
207,2026-06-16T07:24:11.949,93.25,20.88,10.72,9,1,2,0,1,1,0,3,1
208,2026-06-16T07:24:11.982,92.27,30.9,10.84,9,1,2,0,1,1,0,3,1
209,2026-06-16T07:24:12.023,51.22,24.26,19.52,10,1,2,1,1,1,0,3,1
210,2026-06-16T07:24:12.055,51.62,31.1,19.37,11,1,3,1,1,1,0,3,1
211,2026-06-16T07:24:12.078,86.01,42.49,11.63,9,1,1,1,1,1,0,3,1
212,2026-06-16T07:24:12.108,96.47,33.1,10.37,9,1,1,1,1,1,0,3,1
213,2026-06-16T07:24:12.140,96.68,31.22,10.34,8,1,1,0,1,1,0,3,1
214,2026-06-16T07:24:12.172,96.55,31.13,10.36,10,1,2,1,1,1,0,3,1
215,2026-06-16T07:24:12.205,94.98,31.1,10.53,9,1,2,0,1,1,0,3,1
216,2026-06-16T07:24:12.237,92.1,30.84,10.86,9,1,2,0,1,1,0,3,1
217,2026-06-16T07:24:12.269,91.18,31.34,10.97,9,1,2,0,1,1,0,3,1
218,2026-06-16T07:24:12.301,92.05,31.01,10.86,9,1,1,1,1,1,0,3,1
219,2026-06-16T07:24:12.349,88.71,20.75,11.27,9,1,2,0,1,1,0,3,1
220,2026-06-16T07:24:12.381,93.68,31.88,10.68,10,1,3,0,1,1,0,3,1
221,2026-06-16T07:24:12.413,92.05,30.91,10.86,10,1,2,1,1,1,0,3,1
222,2026-06-16T07:24:12.445,88.11,30.72,11.35,10,1,2,1,1,1,0,3,1
223,2026-06-16T07:24:12.488,47.51,23.67,21.05,9,1,1,1,1,1,0,3,1
224,2026-06-16T07:24:12.511,79.37,42.79,12.6,9,1,1,1,1,1,0,3,1
225,2026-06-16T07:24:12.552,47.03,24.44,21.26,9,1,2,0,1,1,0,3,1
226,2026-06-16T07:24:12.573,91.0,47.12,10.99,9,1,1,1,1,1,0,3,1
227,2026-06-16T07:24:12.615,49.83,24.13,20.07,8,1,1,0,1,1,0,3,1
228,2026-06-16T07:24:12.639,82.64,42.13,12.1,8,1,1,0,1,1,0,3,1
229,2026-06-16T07:24:12.669,95.18,33.34,10.51,9,1,1,1,1,1,0,3,1
230,2026-06-16T07:24:12.701,95.5,31.45,10.47,8,1,1,0,1,1,0,3,1
231,2026-06-16T07:24:12.750,89.06,20.26,11.23,9,1,2,0,1,1,0,3,1
232,2026-06-16T07:24:12.781,95.81,32.44,10.44,9,1,1,1,1,1,0,3,1
233,2026-06-16T07:24:12.812,97.78,31.49,10.23,9,1,1,1,1,1,0,3,1
234,2026-06-16T07:24:12.845,95.81,30.83,10.44,10,1,3,0,1,1,0,3,1
235,2026-06-16T07:24:12.877,91.5,30.97,10.93,10,1,3,0,1,1,0,3,1
236,2026-06-16T07:24:12.908,97.08,32.12,10.3,8,1,1,0,1,1,0,3,1
237,2026-06-16T07:24:12.941,96.23,31.1,10.39,8,1,1,0,1,1,0,3,1
238,2026-06-16T07:24:12.974,86.63,29.68,11.54,10,1,2,1,1,1,0,3,1
239,2026-06-16T07:24:13.006,86.5,31.26,11.56,11,1,4,0,1,1,0,3,1
240,2026-06-16T07:24:13.038,88.29,31.55,11.33,9,1,1,1,1,1,0,3,1
241,2026-06-16T07:24:13.069,91.24,31.76,10.96,10,1,2,1,1,1,0,3,1
242,2026-06-16T07:24:13.101,95.09,32.04,10.52,9,1,2,0,1,1,0,3,1
243,2026-06-16T07:24:13.132,96.37,31.24,10.38,10,1,3,0,1,1,0,3,1
244,2026-06-16T07:24:13.182,89.7,20.25,11.15,10,1,2,1,1,1,0,3,1
245,2026-06-16T07:24:13.212,95.92,32.64,10.43,9,1,2,0,1,1,0,3,1
246,2026-06-16T07:24:13.246,93.22,30.76,10.73,10,1,3,0,1,1,0,3,1
247,2026-06-16T07:24:13.287,51.41,24.27,19.45,9,1,1,1,1,1,0,3,1
248,2026-06-16T07:24:13.309,96.6,44.95,10.35,9,1,2,0,1,1,0,3,1
249,2026-06-16T07:24:13.351,51.27,23.93,19.51,9,1,1,1,1,1,0,3,1
250,2026-06-16T07:24:13.379,63.19,35.38,15.83,9,1,2,0,1,1,0,3,1
251,2026-06-16T07:24:13.406,90.18,36.93,11.09,10,1,2,1,1,1,0,3,1
252,2026-06-16T07:24:13.437,94.84,32.29,10.54,9,1,1,1,1,1,0,3,1
253,2026-06-16T07:24:13.472,75.17,27.98,13.3,9,1,1,1,1,1,0,3,1
254,2026-06-16T07:24:13.502,91.05,34.58,10.98,10,1,3,0,1,1,0,3,1
255,2026-06-16T07:24:13.534,89.14,30.96,11.22,10,1,3,0,1,1,0,3,1
256,2026-06-16T07:24:13.581,95.57,21.21,10.46,9,1,1,1,1,1,0,3,1
257,2026-06-16T07:24:13.624,49.36,23.08,20.26,11,1,3,1,1,1,0,3,1
258,2026-06-16T07:24:13.645,92.75,47.55,10.78,8,1,1,0,1,1,0,3,1
259,2026-06-16T07:24:13.684,57.78,25.48,17.31,10,1,2,1,1,1,0,3,1
260,2026-06-16T07:24:13.708,97.41,41.55,10.27,9,1,1,1,1,1,0,3,1
261,2026-06-16T07:24:13.740,95.96,30.98,10.42,9,1,2,0,1,1,0,3,1
262,2026-06-16T07:24:13.776,78.33,28.6,12.77,9,1,2,0,1,1,0,3,1
263,2026-06-16T07:24:13.805,92.83,33.96,10.77,10,1,2,1,1,1,0,3,1
264,2026-06-16T07:24:13.838,86.04,29.97,11.62,9,1,2,0,1,1,0,3,1
265,2026-06-16T07:24:13.869,94.67,33.03,10.56,9,1,2,0,1,1,0,3,1
266,2026-06-16T07:24:13.901,96.38,31.59,10.38,9,1,1,1,1,1,0,3,1
267,2026-06-16T07:24:13.933,97.4,31.18,10.27,9,1,2,0,1,1,0,3,1
268,2026-06-16T07:24:13.990,53.26,17.39,18.78,10,1,2,1,1,1,0,3,1
269,2026-06-16T07:24:14.013,96.07,44.24,10.41,10,1,2,1,1,1,0,3,1
270,2026-06-16T07:24:14.047,86.19,29.6,11.6,10,1,2,1,1,1,0,3,1
271,2026-06-16T07:24:14.082,68.68,28.18,14.56,10,1,2,1,1,1,0,3,1
272,2026-06-16T07:24:14.108,97.49,37.65,10.26,9,1,1,1,1,1,0,3,1
273,2026-06-16T07:24:14.150,51.92,24.08,19.26,9,1,1,1,1,1,0,3,1
274,2026-06-16T07:24:14.173,96.24,44.55,10.39,9,1,1,1,1,1,0,3,1
275,2026-06-16T07:24:14.205,97.61,31.21,10.24,9,1,1,1,1,1,0,3,1
276,2026-06-16T07:24:14.237,97.03,31.04,10.31,10,1,2,1,1,1,0,3,1
277,2026-06-16T07:24:14.271,84.95,29.55,11.77,10,1,2,1,1,1,0,3,1
278,2026-06-16T07:24:14.301,90.55,32.48,11.04,10,1,2,1,1,1,0,3,1
279,2026-06-16T07:24:14.343,50.17,24.07,19.93,9,1,2,0,1,1,0,3,1
280,2026-06-16T07:24:14.391,50.41,20.85,19.84,9,1,2,0,1,1,0,3,1
281,2026-06-16T07:24:14.413,94.32,45.59,10.6,9,1,2,0,1,1,0,3,1
282,2026-06-16T07:24:14.446,90.54,30.29,11.04,10,1,2,1,1,1,0,3,1
283,2026-06-16T07:24:14.478,87.23,30.79,11.46,10,1,3,0,1,1,0,3,1
284,2026-06-16T07:24:14.509,95.8,32.85,10.44,9,1,1,1,1,1,0,3,1
285,2026-06-16T07:24:14.541,93.96,31.01,10.64,10,1,2,1,1,1,0,3,1
286,2026-06-16T07:24:14.573,90.59,30.84,11.04,9,1,1,1,1,1,0,3,1
287,2026-06-16T07:24:14.604,94.24,31.83,10.61,9,1,1,1,1,1,0,3,1
288,2026-06-16T07:24:14.637,91.5,31.01,10.93,9,1,1,1,1,1,0,3,1
289,2026-06-16T07:24:14.668,96.36,31.74,10.38,9,1,1,1,1,1,0,3,1
290,2026-06-16T07:24:14.702,88.86,29.92,11.25,10,1,2,1,1,1,0,3,1
291,2026-06-16T07:24:14.733,94.5,32.57,10.58,9,1,1,1,1,1,0,3,1
292,2026-06-16T07:24:14.781,93.96,20.72,10.64,9,1,1,1,1,1,0,3,1
293,2026-06-16T07:24:14.814,92.84,31.06,10.77,11,1,3,1,1,1,0,3,1
294,2026-06-16T07:24:14.847,82.67,29.96,12.1,9,1,2,0,1,1,0,3,1
295,2026-06-16T07:24:14.877,94.4,32.98,10.59,9,1,1,1,1,1,0,3,1
296,2026-06-16T07:24:14.909,91.16,30.55,10.97,8,1,1,0,1,1,0,3,1
297,2026-06-16T07:24:14.941,97.79,32.3,10.23,10,1,2,1,1,1,0,3,1
298,2026-06-16T07:24:14.972,95.65,31.14,10.45,9,1,1,1,1,1,0,3,1
299,2026-06-16T07:24:15.006,88.43,29.8,11.31,9,1,1,1,1,1,0,3,1
300,2026-06-16T07:24:15.037,96.4,32.93,10.37,9,1,1,1,1,1,0,3,1
301,2026-06-16T07:24:15.079,50.14,23.61,19.94,9,1,1,1,1,1,0,3,1
302,2026-06-16T07:24:15.101,96.77,45.56,10.33,9,1,1,1,1,1,0,3,1
303,2026-06-16T07:24:15.134,90.46,30.47,11.05,10,1,2,1,1,1,0,3,1
304,2026-06-16T07:24:15.181,94.42,21.1,10.59,10,1,2,1,1,1,0,3,1
305,2026-06-16T07:24:15.220,57.03,25.36,17.53,9,1,1,1,1,1,0,3,1
306,2026-06-16T07:24:15.254,52.11,29.7,19.19,10,1,2,1,1,1,0,3,1
307,2026-06-16T07:24:15.277,93.85,44.21,10.66,9,1,1,1,1,1,0,3,1
308,2026-06-16T07:24:15.308,96.47,31.55,10.37,8,1,1,0,1,1,0,3,1
309,2026-06-16T07:24:15.343,83.25,29.4,12.01,9,1,1,1,1,1,0,3,1
310,2026-06-16T07:24:15.373,95.12,33.25,10.51,8,1,1,0,1,1,0,3,1
311,2026-06-16T07:24:15.404,94.95,31.2,10.53,8,1,1,0,1,1,0,3,1
312,2026-06-16T07:24:15.437,93.14,31.05,10.74,8,1,1,0,1,1,0,3,1
313,2026-06-16T07:24:15.470,86.36,30.38,11.58,9,1,1,1,1,1,0,3,1
314,2026-06-16T07:24:15.511,50.98,24.39,19.61,9,1,2,0,1,1,0,3,1
315,2026-06-16T07:24:15.534,90.4,44.37,11.06,9,1,2,0,1,1,0,3,1
316,2026-06-16T07:24:15.566,85.94,30.21,11.64,9,1,2,0,1,1,0,3,1
317,2026-06-16T07:24:15.617,70.03,19.64,14.28,8,1,1,0,1,1,0,3,1
318,2026-06-16T07:24:15.654,52.88,27.54,18.91,9,1,2,0,1,1,0,3,1
319,2026-06-16T07:24:15.676,96.31,43.46,10.38,9,1,2,0,1,1,0,3,1
320,2026-06-16T07:24:15.708,95.95,31.4,10.42,9,1,1,1,1,1,0,3,1
321,2026-06-16T07:24:15.741,93.66,30.82,10.68,9,1,2,0,1,1,0,3,1
322,2026-06-16T07:24:15.773,96.13,31.55,10.4,9,1,1,1,1,1,0,3,1
323,2026-06-16T07:24:15.816,48.41,23.0,20.66,9,1,2,0,1,1,0,3,1
324,2026-06-16T07:24:15.846,51.19,33.04,19.53,8,1,1,0,1,1,0,3,1
325,2026-06-16T07:24:15.869,97.69,45.19,10.24,9,1,2,0,1,1,0,3,1
326,2026-06-16T07:24:15.901,93.57,30.77,10.69,9,1,2,0,1,1,0,3,1
327,2026-06-16T07:24:15.941,52.76,24.51,18.95,9,1,1,1,1,1,0,3,1
328,2026-06-16T07:24:15.964,96.49,43.8,10.36,8,1,1,0,1,1,0,3,1
329,2026-06-16T07:24:16.015,83.62,19.84,11.96,9,1,2,0,1,1,0,3,1
330,2026-06-16T07:24:16.054,51.61,25.62,19.38,8,1,1,0,1,1,0,3,1
331,2026-06-16T07:24:16.076,96.42,44.51,10.37,9,1,2,0,1,1,0,3,1
332,2026-06-16T07:24:16.109,95.2,31.07,10.5,9,1,1,1,1,1,0,3,1
333,2026-06-16T07:24:16.145,71.61,27.54,13.96,9,1,2,0,1,1,0,3,1
334,2026-06-16T07:24:16.173,95.09,36.23,10.52,9,1,2,0,1,1,0,3,1
335,2026-06-16T07:24:16.212,60.13,25.88,16.63,8,1,1,0,1,1,0,3,1
336,2026-06-16T07:24:16.238,85.44,36.68,11.7,9,1,1,1,1,1,0,3,1
337,2026-06-16T07:24:16.269,92.22,32.69,10.84,9,1,2,0,1,1,0,3,1
338,2026-06-16T07:24:16.302,90.39,31.26,11.06,8,1,1,0,1,1,0,3,1
339,2026-06-16T07:24:16.333,94.54,31.45,10.58,9,1,2,0,1,1,0,3,1
340,2026-06-16T07:24:16.365,95.39,31.49,10.48,9,1,2,0,1,1,0,3,1
341,2026-06-16T07:24:16.412,94.84,20.56,10.54,10,1,3,0,1,1,0,3,1
342,2026-06-16T07:24:16.446,85.85,30.25,11.65,9,1,2,0,1,1,0,3,1
343,2026-06-16T07:24:16.486,51.39,24.96,19.46,9,1,2,0,1,1,0,3,1
344,2026-06-16T07:24:16.509,91.09,43.7,10.98,9,1,2,0,1,1,0,3,1
345,2026-06-16T07:24:16.550,51.16,24.33,19.55,9,1,1,1,1,1,0,3,1
346,2026-06-16T07:24:16.578,66.84,36.22,14.96,9,1,1,1,1,1,0,3,1
347,2026-06-16T07:24:16.604,95.88,37.53,10.43,9,1,2,0,1,1,0,3,1
348,2026-06-16T07:24:16.637,92.49,30.78,10.81,9,1,2,0,1,1,0,3,1
349,2026-06-16T07:24:16.670,88.82,30.5,11.26,9,1,2,0,1,1,0,3,1
350,2026-06-16T07:24:16.700,96.69,32.77,10.34,9,1,2,0,1,1,0,3,1
351,2026-06-16T07:24:16.733,94.71,31.02,10.56,9,1,2,0,1,1,0,3,1
352,2026-06-16T07:24:16.765,92.65,30.87,10.79,10,1,2,1,1,1,0,3,1
353,2026-06-16T07:24:16.812,96.28,21.06,10.39,9,1,2,0,1,1,0,3,1
354,2026-06-16T07:24:16.846,92.04,30.66,10.87,9,1,2,0,1,1,0,3,1
355,2026-06-16T07:24:16.878,87.36,30.49,11.45,8,1,1,0,1,1,0,3,1
356,2026-06-16T07:24:16.918,52.22,24.87,19.15,9,1,2,0,1,1,0,3,1
357,2026-06-16T07:24:16.941,93.56,43.88,10.69,10,1,3,0,1,1,0,3,1
358,2026-06-16T07:24:16.973,95.07,31.53,10.52,9,1,2,0,1,1,0,3,1
359,2026-06-16T07:24:17.004,95.73,31.14,10.45,9,1,1,1,1,1,0,3,1
360,2026-06-16T07:24:17.037,95.25,31.23,10.5,10,1,3,0,1,1,0,3,1
361,2026-06-16T07:24:17.069,95.05,31.32,10.52,9,1,2,0,1,1,0,3,1
362,2026-06-16T07:24:17.103,86.13,29.58,11.61,9,1,2,0,1,1,0,3,1
363,2026-06-16T07:24:17.135,85.62,31.54,11.68,9,1,2,0,1,1,0,3,1
364,2026-06-16T07:24:17.165,93.84,32.74,10.66,9,1,2,0,1,1,0,3,1
365,2026-06-16T07:24:17.212,95.85,20.9,10.43,9,1,2,0,1,1,0,3,1
366,2026-06-16T07:24:17.254,52.16,24.2,19.17,9,1,2,0,1,1,0,3,1
367,2026-06-16T07:24:17.276,96.22,43.98,10.39,9,1,2,0,1,1,0,3,1
368,2026-06-16T07:24:17.310,90.76,30.38,11.02,9,1,2,0,1,1,0,3,1
369,2026-06-16T07:24:17.341,95.39,32.12,10.48,9,1,2,0,1,1,0,3,1
370,2026-06-16T07:24:17.373,94.12,31.11,10.62,8,1,1,0,1,1,0,3,1
371,2026-06-16T07:24:17.405,95.27,31.4,10.5,9,1,2,0,1,1,0,3,1
372,2026-06-16T07:24:17.437,95.46,31.27,10.48,9,1,2,0,1,1,0,3,1
373,2026-06-16T07:24:17.470,86.25,30.04,11.59,10,1,3,0,1,1,0,3,1
374,2026-06-16T07:24:17.501,93.6,32.03,10.68,9,1,2,0,1,1,0,3,1
375,2026-06-16T07:24:17.535,86.19,30.13,11.6,9,1,2,0,1,1,0,3,1
376,2026-06-16T07:24:17.636,90.36,9.9,11.07,9,1,1,1,1,1,0,3,1
377,2026-06-16T07:24:17.652,94.55,61.87,10.58,8,1,1,0,1,1,0,3,1
378,2026-06-16T07:24:17.677,96.08,39.82,10.41,9,1,2,0,1,1,0,3,1
379,2026-06-16T07:24:17.711,82.99,29.26,12.05,9,1,2,0,1,1,0,3,1
380,2026-06-16T07:24:17.742,84.85,31.53,11.78,9,1,2,0,1,1,0,3,1
381,2026-06-16T07:24:17.773,95.68,33.2,10.45,10,1,2,0,1,2,0,3,1
382,2026-06-16T07:24:17.805,98.03,31.56,10.2,9,1,2,0,1,1,0,3,1
383,2026-06-16T07:24:17.836,96.34,31.04,10.38,9,1,2,0,1,1,0,3,1
384,2026-06-16T07:24:17.869,95.26,31.12,10.5,9,1,2,0,1,1,0,3,1
385,2026-06-16T07:24:17.901,97.91,31.5,10.21,9,1,2,0,1,1,0,3,1
386,2026-06-16T07:24:17.933,94.08,30.84,10.63,9,1,2,0,1,1,0,3,1
387,2026-06-16T07:24:17.967,85.93,29.99,11.64,9,1,2,0,1,1,0,3,1
388,2026-06-16T07:24:17.997,95.89,33.01,10.43,9,1,2,0,1,1,0,3,1
389,2026-06-16T07:24:18.045,92.14,20.6,10.85,10,1,3,0,1,1,0,3,1
390,2026-06-16T07:24:18.077,95.41,31.91,10.48,8,1,1,0,1,1,0,3,1
391,2026-06-16T07:24:18.109,95.12,31.06,10.51,9,1,1,1,1,1,0,3,1
392,2026-06-16T07:24:18.142,84.58,30.09,11.82,8,1,1,0,1,1,0,3,1
393,2026-06-16T07:24:18.174,89.6,31.48,11.16,8,1,1,0,1,1,0,3,1
394,2026-06-16T07:24:18.205,95.79,32.34,10.44,9,1,2,0,1,1,0,3,1
395,2026-06-16T07:24:18.236,94.77,31.12,10.55,9,1,2,0,1,1,0,3,1
396,2026-06-16T07:24:18.269,96.39,31.42,10.37,9,1,1,1,1,1,0,3,1
397,2026-06-16T07:24:18.301,96.25,31.13,10.39,10,1,3,0,1,1,0,3,1
398,2026-06-16T07:24:18.342,50.93,23.82,19.63,9,1,1,1,1,1,0,3,1
399,2026-06-16T07:24:18.365,95.9,45.61,10.43,9,1,2,0,1,1,0,3,1
400,2026-06-16T07:24:18.397,90.98,30.47,10.99,8,1,1,0,1,1,0,3,1
401,2026-06-16T07:24:18.455,50.1,17.32,19.96,10,1,2,1,1,1,0,3,1
402,2026-06-16T07:24:18.478,85.72,44.33,11.67,8,1,1,0,1,1,0,3,1
403,2026-06-16T07:24:18.509,95.8,32.09,10.44,9,1,1,1,1,1,0,3,1
404,2026-06-16T07:24:18.550,50.89,24.09,19.65,8,1,1,0,1,1,0,3,1
405,2026-06-16T07:24:18.573,96.67,44.88,10.34,9,1,1,1,1,1,0,3,1
406,2026-06-16T07:24:18.604,97.56,31.49,10.25,9,1,2,0,1,1,0,3,1
407,2026-06-16T07:24:18.637,91.81,30.28,10.89,9,1,2,0,1,1,0,3,1
408,2026-06-16T07:24:18.669,90.9,31.44,11.0,9,1,2,0,1,1,0,3,1
409,2026-06-16T07:24:18.701,94.29,31.66,10.61,9,1,2,0,1,1,0,3,1
410,2026-06-16T07:24:18.732,93.65,31.3,10.68,8,1,1,0,1,1,0,3,1
411,2026-06-16T07:24:18.764,96.14,31.39,10.4,9,1,1,1,1,1,0,3,1
412,2026-06-16T07:24:18.796,97.63,31.56,10.24,8,1,1,0,1,1,0,3,1
413,2026-06-16T07:24:18.847,85.22,19.78,11.73,9,1,1,1,1,1,0,3,1
414,2026-06-16T07:24:18.877,89.01,32.68,11.23,9,1,1,1,1,1,0,3,1
415,2026-06-16T07:24:18.909,96.88,32.3,10.32,8,1,1,0,1,1,0,3,1
416,2026-06-16T07:24:18.941,92.85,30.74,10.77,9,1,2,0,1,1,0,3,1
417,2026-06-16T07:24:18.972,97.08,31.78,10.3,8,1,1,0,1,1,0,3,1
418,2026-06-16T07:24:19.005,97.31,31.22,10.28,8,1,1,0,1,1,0,3,1
419,2026-06-16T07:24:19.037,97.06,30.82,10.3,9,1,1,1,1,1,0,3,1
420,2026-06-16T07:24:19.070,89.41,30.29,11.18,8,1,1,0,1,1,0,3,1
421,2026-06-16T07:24:19.101,97.09,32.67,10.3,8,1,1,0,1,1,0,3,1
422,2026-06-16T07:24:19.142,51.97,24.06,19.24,9,1,2,0,1,1,0,3,1
423,2026-06-16T07:24:19.165,93.39,43.71,10.71,9,1,2,0,1,1,0,3,1
424,2026-06-16T07:24:19.197,91.67,31.11,10.91,9,1,2,0,1,1,0,3,1
425,2026-06-16T07:24:19.251,60.53,18.47,16.52,8,1,1,0,1,1,0,3,1
426,2026-06-16T07:24:19.278,88.39,36.93,11.31,8,1,1,0,1,1,0,3,1
427,2026-06-16T07:24:19.309,95.72,32.98,10.45,9,1,2,0,1,1,0,3,1
428,2026-06-16T07:24:19.343,87.4,29.73,11.44,8,1,1,0,1,1,0,3,1
429,2026-06-16T07:24:19.373,94.64,32.95,10.57,8,1,1,0,1,1,0,3,1
430,2026-06-16T07:24:19.405,96.2,31.29,10.39,8,1,1,0,1,1,0,3,1
431,2026-06-16T07:24:19.446,52.87,24.32,18.91,8,1,1,0,1,1,0,3,1
432,2026-06-16T07:24:19.470,82.28,40.45,12.15,8,1,1,0,1,1,0,3,1
433,2026-06-16T07:24:19.502,86.53,31.44,11.56,9,1,2,0,1,1,0,3,1
434,2026-06-16T07:24:19.543,49.99,24.61,20.01,9,1,2,0,1,1,0,3,1
435,2026-06-16T07:24:19.565,90.34,44.61,11.07,8,1,1,0,1,1,0,3,1
436,2026-06-16T07:24:19.596,95.33,32.02,10.49,8,1,1,0,1,1,0,3,1
437,2026-06-16T07:24:19.648,80.78,19.62,12.38,8,1,1,0,1,1,0,3,1
438,2026-06-16T07:24:19.677,95.38,34.22,10.48,9,1,1,1,1,1,0,3,1
439,2026-06-16T07:24:19.711,82.19,29.31,12.17,8,1,1,0,1,1,0,3,1
440,2026-06-16T07:24:19.750,51.04,25.37,19.59,8,1,1,0,1,1,0,3,1
441,2026-06-16T07:24:19.773,95.25,44.15,10.5,9,1,1,1,1,1,0,3,1
442,2026-06-16T07:24:19.804,96.83,31.58,10.33,9,1,2,0,1,1,0,3,1
443,2026-06-16T07:24:19.836,96.62,31.23,10.35,8,1,1,0,1,1,0,3,1
444,2026-06-16T07:24:19.869,96.59,31.15,10.35,9,1,2,0,1,1,0,3,1
445,2026-06-16T07:24:19.901,95.48,31.33,10.47,9,1,2,0,1,1,0,3,1
446,2026-06-16T07:24:19.934,90.06,30.1,11.1,9,1,2,0,1,1,0,3,1
447,2026-06-16T07:24:19.972,60.69,26.68,16.48,8,1,1,0,1,1,0,3,1
448,2026-06-16T07:24:20.006,52.3,29.07,19.12,8,1,1,0,1,1,0,3,1
449,2026-06-16T07:24:20.045,92.53,25.49,10.81,8,1,1,0,1,1,0,3,1
450,2026-06-16T07:24:20.077,96.21,31.63,10.39,8,1,1,0,1,1,0,3,1
451,2026-06-16T07:24:20.109,96.9,31.29,10.32,9,1,2,0,1,1,0,3,1
452,2026-06-16T07:24:20.142,87.19,29.85,11.47,8,1,1,0,1,1,0,3,1
453,2026-06-16T07:24:20.179,64.22,27.4,15.57,8,1,1,0,1,1,0,3,1
454,2026-06-16T07:24:20.205,94.62,38.18,10.57,8,1,1,0,1,1,0,3,1
455,2026-06-16T07:24:20.237,91.5,30.75,10.93,8,1,1,0,1,1,0,3,1
456,2026-06-16T07:24:20.270,95.7,30.88,10.45,10,2,2,0,1,1,0,3,1
457,2026-06-16T07:24:20.301,96.94,32.24,10.32,10,1,3,0,1,1,0,3,1
458,2026-06-16T07:24:20.333,94.72,31.11,10.56,9,1,2,0,1,1,0,3,1
459,2026-06-16T07:24:20.367,88.56,29.88,11.29,9,1,1,1,1,1,0,3,1
460,2026-06-16T07:24:20.397,95.72,32.81,10.45,9,1,2,0,1,1,0,3,1
461,2026-06-16T07:24:20.429,96.87,31.45,10.32,9,1,1,1,1,1,0,3,1
462,2026-06-16T07:24:20.484,60.59,18.2,16.5,9,1,1,1,1,1,0,3,1
463,2026-06-16T07:24:20.509,89.6,38.47,11.16,9,1,1,1,1,1,0,3,1
464,2026-06-16T07:24:20.540,94.69,32.14,10.56,8,1,1,0,1,1,0,3,1
465,2026-06-16T07:24:20.574,88.81,30.03,11.26,9,1,1,1,1,1,0,3,1
466,2026-06-16T07:24:20.605,96.38,32.49,10.38,9,1,1,1,1,1,0,3,1
467,2026-06-16T07:24:20.636,97.09,31.4,10.3,10,1,3,0,1,1,0,3,1
468,2026-06-16T07:24:20.679,51.05,23.75,19.59,9,1,2,0,1,1,0,3,1
469,2026-06-16T07:24:20.701,91.35,44.31,10.95,9,1,1,1,1,1,0,3,1
470,2026-06-16T07:24:20.733,92.27,31.22,10.84,9,1,2,0,1,1,0,3,1
471,2026-06-16T07:24:20.765,95.49,31.74,10.47,9,1,1,1,1,1,0,3,1
472,2026-06-16T07:24:20.808,49.7,23.48,20.12,9,1,1,1,1,1,0,3,1
473,2026-06-16T07:24:20.829,91.77,46.17,10.9,8,1,1,0,1,1,0,3,1
474,2026-06-16T07:24:20.877,92.5,20.78,10.81,8,1,1,0,1,1,0,3,1
475,2026-06-16T07:24:20.908,97.0,31.95,10.31,8,1,1,0,1,1,0,3,1
476,2026-06-16T07:24:20.950,52.71,24.22,18.97,9,1,2,0,1,1,0,3,1
477,2026-06-16T07:24:20.973,97.8,44.01,10.22,8,1,1,0,1,1,0,3,1
478,2026-06-16T07:24:21.014,52.06,23.68,19.21,9,1,2,0,1,1,0,3,1
479,2026-06-16T07:24:21.036,97.15,45.79,10.29,9,1,1,1,1,1,0,3,1
480,2026-06-16T07:24:21.068,96.44,31.2,10.37,8,1,1,0,1,1,0,3,1
481,2026-06-16T07:24:21.103,85.16,29.35,11.74,9,1,2,0,1,1,0,3,1
482,2026-06-16T07:24:21.132,96.15,33.29,10.4,9,1,2,0,1,1,0,3,1
483,2026-06-16T07:24:21.165,92.0,30.67,10.87,9,1,2,0,1,1,0,3,1
484,2026-06-16T07:24:21.198,87.69,30.66,11.4,8,1,1,0,1,1,0,3,1
485,2026-06-16T07:24:21.230,86.07,30.74,11.62,8,1,1,0,1,1,0,3,1
486,2026-06-16T07:24:21.277,93.59,21.51,10.69,8,1,1,0,1,1,0,3,1
487,2026-06-16T07:24:21.308,98.06,31.71,10.2,9,1,2,0,1,1,0,3,1
488,2026-06-16T07:24:21.340,92.99,30.8,10.75,9,1,2,0,1,1,0,3,1
489,2026-06-16T07:24:21.373,92.66,31.07,10.79,9,1,1,1,1,1,0,3,1
490,2026-06-16T07:24:21.410,68.96,27.16,14.5,10,1,3,0,1,1,0,3,1
491,2026-06-16T07:24:21.438,92.05,36.63,10.86,9,1,2,0,1,1,0,3,1
492,2026-06-16T07:24:21.471,85.03,30.07,11.76,9,1,1,1,1,1,0,3,1
493,2026-06-16T07:24:21.501,92.74,32.77,10.78,8,1,1,0,1,1,0,3,1
494,2026-06-16T07:24:21.532,96.79,31.76,10.33,9,1,1,1,1,1,0,3,1
495,2026-06-16T07:24:21.565,96.68,31.01,10.34,8,1,1,0,1,1,0,3,1
496,2026-06-16T07:24:21.596,96.82,31.53,10.33,9,1,2,0,1,1,0,3,1
497,2026-06-16T07:24:21.629,96.66,31.07,10.35,9,1,1,1,1,1,0,3,1
498,2026-06-16T07:24:21.678,89.28,20.23,11.2,9,1,2,0,1,1,0,3,1
499,2026-06-16T07:24:21.709,97.83,32.91,10.22,9,1,1,1,1,1,0,3,1
500,2026-06-16T07:24:21.751,50.88,23.72,19.66,9,2,1,0,1,1,0,3,1
501,2026-06-16T07:24:21.773,93.21,44.28,10.73,9,1,1,1,1,1,0,3,1
502,2026-06-16T07:24:21.804,96.02,31.95,10.41,8,1,1,0,1,1,0,3,1
503,2026-06-16T07:24:21.837,96.68,31.29,10.34,8,1,1,0,1,1,0,3,1
504,2026-06-16T07:24:21.869,95.85,30.96,10.43,10,1,3,0,1,1,0,3,1
505,2026-06-16T07:24:21.902,86.46,29.85,11.57,9,1,1,1,1,1,0,3,1
506,2026-06-16T07:24:21.939,61.07,26.98,16.38,9,1,2,0,1,1,0,3,1
507,2026-06-16T07:24:21.964,97.48,39.67,10.26,9,1,1,1,1,1,0,3,1
508,2026-06-16T07:24:21.997,94.11,30.9,10.63,9,1,2,0,1,1,0,3,1
509,2026-06-16T07:24:22.030,85.32,29.56,11.72,9,1,1,1,1,1,0,3,1
510,2026-06-16T07:24:22.078,92.0,21.49,10.87,8,1,1,0,1,1,0,3,1
511,2026-06-16T07:24:22.110,85.8,30.18,11.66,8,1,1,0,1,1,0,3,1
512,2026-06-16T07:24:22.141,93.22,32.6,10.73,9,1,2,0,1,1,0,3,1
513,2026-06-16T07:24:22.173,96.6,31.55,10.35,10,1,3,0,1,1,0,3,1
514,2026-06-16T07:24:22.204,95.27,31.32,10.5,8,1,1,0,1,1,0,3,1
515,2026-06-16T07:24:22.238,88.34,30.29,11.32,9,1,1,1,1,1,0,3,1
516,2026-06-16T07:24:22.269,94.05,32.11,10.63,9,1,2,0,1,1,0,3,1
517,2026-06-16T07:24:22.301,93.99,31.07,10.64,9,1,1,1,1,1,0,3,1
518,2026-06-16T07:24:22.335,84.66,29.68,11.81,9,1,2,0,1,1,0,3,1
519,2026-06-16T07:24:22.365,94.96,33.21,10.53,9,1,2,0,1,1,0,3,1
520,2026-06-16T07:24:22.397,93.01,31.03,10.75,9,1,2,0,1,1,0,3,1
521,2026-06-16T07:24:22.428,95.03,31.66,10.52,8,1,1,0,1,1,0,3,1
522,2026-06-16T07:24:22.478,91.08,20.57,10.98,8,1,1,0,1,1,0,3,1
523,2026-06-16T07:24:22.509,93.25,31.43,10.72,9,1,1,1,1,1,0,3,1
524,2026-06-16T07:24:22.551,48.65,23.33,20.55,9,1,1,1,1,1,0,3,1
525,2026-06-16T07:24:22.573,94.72,47.74,10.56,9,1,1,1,1,1,0,3,1
526,2026-06-16T07:24:22.605,97.83,31.59,10.22,9,1,2,0,1,1,0,3,1
527,2026-06-16T07:24:22.641,69.81,27.13,14.33,9,1,1,1,1,1,0,3,1
528,2026-06-16T07:24:22.668,96.96,36.88,10.31,8,1,1,0,1,1,0,3,1
529,2026-06-16T07:24:22.710,51.86,23.96,19.28,9,1,1,1,1,1,0,3,1
530,2026-06-16T07:24:22.733,92.32,43.46,10.83,9,1,1,1,1,1,0,3,1
531,2026-06-16T07:24:22.776,47.91,23.12,20.87,10,1,3,0,1,1,0,3,1
532,2026-06-16T07:24:22.797,93.47,49.13,10.7,9,1,2,0,1,1,0,3,1
533,2026-06-16T07:24:22.838,51.92,24.2,19.26,9,1,2,0,1,1,0,3,1
534,2026-06-16T07:24:22.861,95.93,44.02,10.42,10,1,3,0,1,1,0,3,1
535,2026-06-16T07:24:22.909,96.68,21.03,10.34,8,1,1,0,1,1,0,3,1
536,2026-06-16T07:24:22.947,60.87,25.63,16.43,9,1,2,0,1,1,0,3,1
537,2026-06-16T07:24:22.975,86.62,36.2,11.54,9,1,2,0,1,1,0,3,1
538,2026-06-16T07:24:23.004,95.9,33.64,10.43,9,1,2,0,1,1,0,3,1
539,2026-06-16T07:24:23.038,88.6,30.0,11.29,9,1,1,1,1,1,0,3,1
540,2026-06-16T07:24:23.077,52.0,25.14,19.23,8,1,1,0,1,1,0,3,1
541,2026-06-16T07:24:23.101,98.9,44.34,10.11,9,1,1,1,1,1,0,3,1
542,2026-06-16T07:24:23.133,97.31,31.09,10.28,9,1,2,0,1,1,0,3,1
543,2026-06-16T07:24:23.165,96.1,31.12,10.41,9,1,2,0,1,1,0,3,1
544,2026-06-16T07:24:23.198,87.55,30.07,11.42,9,1,1,1,1,1,0,3,1
545,2026-06-16T07:24:23.228,97.2,32.75,10.29,9,1,2,0,1,1,0,3,1
546,2026-06-16T07:24:23.261,92.27,30.8,10.84,8,1,1,0,1,1,0,3,1
547,2026-06-16T07:24:23.309,92.9,20.77,10.76,9,1,2,0,1,1,0,3,1
548,2026-06-16T07:24:23.340,94.5,31.54,10.58,8,1,1,0,1,1,0,3,1
549,2026-06-16T07:24:23.373,92.8,31.12,10.78,9,1,1,1,1,1,0,3,1
550,2026-06-16T07:24:23.407,85.84,29.96,11.65,9,2,1,0,1,1,0,3,1
551,2026-06-16T07:24:23.437,92.09,32.45,10.86,9,1,2,0,1,1,0,3,1
552,2026-06-16T07:24:23.477,54.41,24.74,18.38,9,1,1,1,1,1,0,3,1
553,2026-06-16T07:24:23.501,89.63,41.66,11.16,9,1,2,0,1,1,0,3,1
554,2026-06-16T07:24:23.533,95.07,32.08,10.52,9,1,2,0,1,1,0,3,1
555,2026-06-16T07:24:23.566,91.9,30.9,10.88,8,1,1,0,1,1,0,3,1
556,2026-06-16T07:24:23.597,97.16,31.79,10.29,9,1,2,0,1,1,0,3,1
557,2026-06-16T07:24:23.629,90.58,30.16,11.04,9,1,1,1,1,1,0,3,1
558,2026-06-16T07:24:23.661,96.09,32.11,10.41,9,1,2,0,1,1,0,3,1
559,2026-06-16T07:24:23.708,98.0,21.13,10.2,8,1,1,0,1,1,0,3,1
560,2026-06-16T07:24:23.741,95.97,30.91,10.42,8,1,1,0,1,1,0,3,1
561,2026-06-16T07:24:23.780,59.02,25.46,16.94,9,1,1,1,1,1,0,3,1
562,2026-06-16T07:24:23.805,96.81,40.4,10.33,9,1,2,0,1,1,0,3,1
563,2026-06-16T07:24:23.839,84.34,29.32,11.86,9,1,2,0,1,1,0,3,1
564,2026-06-16T07:24:23.870,85.07,31.28,11.75,8,1,1,0,1,1,0,3,1
565,2026-06-16T07:24:23.901,97.16,33.56,10.29,8,1,1,0,1,1,0,3,1
566,2026-06-16T07:24:23.932,96.16,31.1,10.4,9,1,1,1,1,1,0,3,1
567,2026-06-16T07:24:23.965,95.5,31.04,10.47,8,1,1,0,1,1,0,3,1
568,2026-06-16T07:24:24.006,50.44,23.86,19.83,9,1,2,0,1,1,0,3,1
569,2026-06-16T07:24:24.029,97.33,45.79,10.27,9,1,2,0,1,1,0,3,1
570,2026-06-16T07:24:24.062,84.9,29.52,11.78,8,1,1,0,1,1,0,3,1
571,2026-06-16T07:24:24.109,93.93,21.56,10.65,8,1,1,0,1,1,0,3,1
572,2026-06-16T07:24:24.141,93.4,30.88,10.71,10,1,3,0,1,1,0,3,1
573,2026-06-16T07:24:24.174,84.54,29.8,11.83,9,1,2,0,1,1,0,3,1
574,2026-06-16T07:24:24.205,96.32,33.63,10.38,9,1,2,0,1,1,0,3,1
575,2026-06-16T07:24:24.237,92.74,30.67,10.78,10,1,2,1,1,1,0,3,1
576,2026-06-16T07:24:24.269,97.96,32.04,10.21,9,1,2,0,1,1,0,3,1
577,2026-06-16T07:24:24.301,94.21,30.59,10.61,9,1,1,1,1,1,0,3,1
578,2026-06-16T07:24:24.332,98.16,31.94,10.19,9,1,2,0,1,1,0,3,1
579,2026-06-16T07:24:24.365,95.65,30.85,10.45,9,1,2,0,1,1,0,3,1
580,2026-06-16T07:24:24.397,91.83,30.78,10.89,10,1,3,0,1,1,0,3,1
581,2026-06-16T07:24:24.430,88.39,30.73,11.31,11,1,4,0,1,1,0,3,1
582,2026-06-16T07:24:24.472,48.7,23.68,20.54,11,1,4,0,1,1,0,3,1
583,2026-06-16T07:24:24.511,85.06,25.69,11.76,11,1,4,0,1,1,0,3,1
584,2026-06-16T07:24:24.542,89.75,32.62,11.14,9,1,2,0,1,1,0,3,1
585,2026-06-16T07:24:24.573,94.91,32.12,10.54,8,1,1,0,1,1,0,3,1
586,2026-06-16T07:24:24.605,95.0,31.08,10.53,10,1,3,0,1,1,0,3,1
587,2026-06-16T07:24:24.637,96.05,31.34,10.41,10,1,3,0,1,1,0,3,1
588,2026-06-16T07:24:24.669,96.74,31.34,10.34,10,1,3,0,1,1,0,3,1
589,2026-06-16T07:24:24.707,60.07,25.8,16.65,8,1,1,0,1,1,0,3,1
590,2026-06-16T07:24:24.734,86.32,37.3,11.58,9,1,2,0,1,1,0,3,1
591,2026-06-16T07:24:24.765,94.71,32.75,10.56,9,1,2,0,1,1,0,3,1
592,2026-06-16T07:24:24.799,83.86,29.24,11.92,10,1,3,0,1,1,0,3,1
593,2026-06-16T07:24:24.829,96.64,33.59,10.35,9,1,2,0,1,1,0,3,1
594,2026-06-16T07:24:24.860,94.16,31.13,10.62,9,1,2,0,1,1,0,3,1
595,2026-06-16T07:24:24.909,92.98,20.66,10.76,10,1,3,0,1,1,0,3,1
596,2026-06-16T07:24:24.942,88.31,30.44,11.32,9,1,2,0,1,1,0,3,1
597,2026-06-16T07:24:24.973,96.49,32.71,10.36,10,1,3,0,1,1,0,3,1
598,2026-06-16T07:24:25.013,55.28,24.75,18.09,9,1,2,0,1,1,0,3,1
599,2026-06-16T07:24:25.037,97.49,42.06,10.26,11,1,3,1,1,1,0,3,1
600,2026-06-16T07:24:25.068,96.52,31.4,10.36,10,1,3,0,1,1,0,3,1
601,2026-06-16T07:24:25.104,77.32,28.39,12.93,10,1,2,1,1,1,0,3,1
602,2026-06-16T07:24:25.132,94.62,34.73,10.57,9,1,2,0,1,1,0,3,1
603,2026-06-16T07:24:25.166,88.93,30.18,11.24,9,1,2,0,1,1,0,3,1
604,2026-06-16T07:24:25.197,97.03,32.64,10.31,9,1,1,1,1,1,0,3,1
605,2026-06-16T07:24:25.234,64.23,26.35,15.57,9,1,1,1,1,1,0,3,1
606,2026-06-16T07:24:25.261,94.79,37.77,10.55,9,1,1,1,1,1,0,3,1
607,2026-06-16T07:24:25.319,49.74,17.21,20.1,8,1,1,0,1,1,0,3,1
608,2026-06-16T07:24:25.341,93.86,45.92,10.65,8,1,1,0,1,1,0,3,1
609,2026-06-16T07:24:25.375,84.42,29.44,11.85,9,2,1,0,1,1,0,3,1
610,2026-06-16T07:24:25.410,65.45,28.12,15.28,10,2,1,1,1,1,0,3,1
611,2026-06-16T07:24:25.438,87.18,36.32,11.47,9,1,1,1,1,1,0,3,1
612,2026-06-16T07:24:25.470,84.85,30.95,11.79,10,1,1,1,1,1,0,4,1
613,2026-06-16T07:24:25.501,93.76,31.89,10.67,8,1,0,1,1,1,0,3,1
614,2026-06-16T07:24:25.532,96.22,32.1,10.39,10,1,1,1,1,1,0,4,1
615,2026-06-16T07:24:25.565,96.02,31.21,10.41,9,1,1,1,1,1,0,3,1
616,2026-06-16T07:24:25.598,87.24,29.78,11.46,9,1,1,1,1,1,0,3,1
617,2026-06-16T07:24:25.629,96.53,32.62,10.36,10,1,1,1,1,2,0,3,1
618,2026-06-16T07:24:25.660,95.21,31.37,10.5,10,2,1,1,1,1,0,3,1
619,2026-06-16T07:24:25.693,94.23,30.95,10.61,11,2,1,1,1,1,0,4,1
620,2026-06-16T07:24:25.750,51.35,17.38,19.47,9,1,1,1,1,1,0,3,1
621,2026-06-16T07:24:25.773,97.08,45.04,10.3,10,2,1,1,1,1,0,3,1
622,2026-06-16T07:24:25.806,87.54,30.19,11.42,9,1,1,1,1,1,0,3,1
623,2026-06-16T07:24:25.837,96.06,32.37,10.41,10,2,1,1,1,1,0,3,1
624,2026-06-16T07:24:25.869,96.77,31.49,10.33,10,2,1,1,1,1,0,3,1
625,2026-06-16T07:24:25.901,93.2,30.75,10.73,11,1,3,1,1,1,0,3,1
626,2026-06-16T07:24:25.933,92.83,31.39,10.77,9,1,1,1,1,1,0,3,1
627,2026-06-16T07:24:25.965,94.6,31.43,10.57,9,0,2,1,1,1,0,3,1
628,2026-06-16T07:24:25.997,98.65,31.5,10.14,12,2,3,1,1,1,0,3,1
629,2026-06-16T07:24:26.030,87.63,29.88,11.41,10,1,2,1,1,1,0,3,1
630,2026-06-16T07:24:26.140,54.77,9.16,18.26,11,2,2,1,1,1,0,3,1
631,2026-06-16T07:24:26.156,89.24,59.76,11.21,7,0,0,1,1,1,0,3,1
632,2026-06-16T07:24:26.173,96.87,59.03,10.32,8,0,1,1,1,1,0,3,1
633,2026-06-16T07:24:26.206,87.81,30.64,11.39,8,0,1,1,1,1,0,3,1
634,2026-06-16T07:24:26.248,49.58,23.63,20.17,11,1,1,1,1,1,0,5,1
635,2026-06-16T07:24:26.269,94.53,46.87,10.58,11,0,1,2,1,1,0,5,1
636,2026-06-16T07:24:26.301,97.02,31.52,10.31,13,0,1,2,1,1,0,7,1
637,2026-06-16T07:24:26.339,61.89,26.12,16.16,10,0,1,1,1,1,0,5,1
638,2026-06-16T07:24:26.365,94.46,39.1,10.59,8,0,0,1,1,3,0,2,1
639,2026-06-16T07:24:26.407,50.59,23.89,19.77,10,0,2,1,1,2,0,3,1
640,2026-06-16T07:24:26.432,77.65,39.64,12.88,10,1,0,1,1,3,0,3,1
641,2026-06-16T07:24:26.463,87.84,33.1,11.38,11,0,2,1,1,4,0,2,1
642,2026-06-16T07:24:26.493,92.66,32.05,10.79,9,1,0,0,1,3,0,3,1
643,2026-06-16T07:24:26.541,94.27,21.06,10.61,8,0,0,1,1,3,0,2,1
644,2026-06-16T07:24:26.573,95.62,31.42,10.46,8,0,0,1,1,1,0,4,1
645,2026-06-16T07:24:26.605,97.06,31.3,10.3,9,0,0,1,1,2,0,4,1
646,2026-06-16T07:24:26.644,55.9,24.9,17.89,8,0,0,1,1,2,0,3,1
647,2026-06-16T07:24:26.670,88.03,39.29,11.36,8,0,1,1,1,2,0,2,1
648,2026-06-16T07:24:26.701,92.53,32.3,10.81,9,1,0,1,1,2,0,3,1
649,2026-06-16T07:24:26.737,71.26,27.7,14.03,9,0,1,1,1,2,0,3,1
650,2026-06-16T07:24:26.765,93.35,36.3,10.71,6,0,0,1,1,1,0,2,1
651,2026-06-16T07:24:26.797,97.01,31.51,10.31,9,0,1,1,1,2,0,3,1
652,2026-06-16T07:24:26.829,96.08,31.0,10.41,10,1,1,1,1,2,0,3,1
653,2026-06-16T07:24:26.860,96.58,31.48,10.35,9,1,1,1,1,1,0,3,1
654,2026-06-16T07:24:26.893,88.72,29.92,11.27,9,1,1,1,1,1,0,3,1
655,2026-06-16T07:24:26.941,93.87,21.27,10.65,9,1,1,1,1,1,0,3,1
656,2026-06-16T07:24:26.973,96.4,31.58,10.37,9,1,1,1,1,1,0,3,1
657,2026-06-16T07:24:27.004,96.8,31.39,10.33,9,1,1,1,1,1,0,3,1
658,2026-06-16T07:24:27.042,66.41,26.64,15.06,9,1,1,1,1,1,0,3,1
659,2026-06-16T07:24:27.068,96.89,37.77,10.32,8,1,1,0,1,1,0,3,1
660,2026-06-16T07:24:27.100,97.59,31.34,10.25,9,1,1,1,1,1,0,3,1
661,2026-06-16T07:24:27.134,87.79,29.72,11.39,9,1,1,1,1,1,0,3,1
662,2026-06-16T07:24:27.165,95.52,32.51,10.47,9,1,1,1,1,1,0,3,1
663,2026-06-16T07:24:27.197,96.9,31.49,10.32,9,1,1,1,1,1,0,3,1
664,2026-06-16T07:24:27.229,92.35,30.66,10.83,9,1,1,1,1,1,0,3,1
665,2026-06-16T07:24:27.261,95.96,31.78,10.42,9,1,1,1,1,1,0,3,1
666,2026-06-16T07:24:27.293,96.64,31.35,10.35,10,1,2,1,1,1,0,3,1
667,2026-06-16T07:24:27.343,83.59,19.96,11.96,9,1,1,1,1,1,0,3,1
668,2026-06-16T07:24:27.382,51.66,25.35,19.36,8,1,1,0,1,1,0,3,1
669,2026-06-16T07:24:27.404,96.84,44.26,10.33,10,1,2,1,1,1,0,3,1
670,2026-06-16T07:24:27.439,83.65,29.64,11.96,10,1,2,1,1,1,0,3,1
671,2026-06-16T07:24:27.470,86.47,31.6,11.56,11,1,3,1,1,1,0,3,1
672,2026-06-16T07:24:27.501,93.09,32.27,10.74,9,1,1,1,1,1,0,3,1
673,2026-06-16T07:24:27.542,51.11,23.96,19.57,10,1,2,1,1,1,0,3,1
674,2026-06-16T07:24:27.566,86.56,42.42,11.55,10,1,2,1,1,1,0,3,1
675,2026-06-16T07:24:27.597,95.72,32.77,10.45,11,1,3,1,1,1,0,3,1
676,2026-06-16T07:24:27.629,96.01,31.33,10.42,10,1,2,1,1,1,0,3,1
677,2026-06-16T07:24:27.670,51.58,23.98,19.39,11,1,3,1,1,1,0,3,1
678,2026-06-16T07:24:27.693,95.07,43.75,10.52,12,2,3,1,1,1,0,3,1
679,2026-06-16T07:24:27.751,50.94,17.34,19.63,11,2,2,1,1,1,0,3,1
680,2026-06-16T07:24:27.780,60.38,34.25,16.56,10,1,2,1,1,1,0,3,1
681,2026-06-16T07:24:27.805,96.2,40.68,10.4,11,1,3,1,1,1,0,3,1
682,2026-06-16T07:24:27.837,95.66,30.97,10.45,11,2,2,1,1,1,0,3,1
683,2026-06-16T07:24:27.880,48.78,23.54,20.5,10,1,2,1,1,1,0,3,1
684,2026-06-16T07:24:27.901,96.57,47.12,10.36,10,1,2,1,1,1,0,3,1
685,2026-06-16T07:24:27.933,92.91,30.86,10.76,11,1,3,1,1,1,0,3,1
686,2026-06-16T07:24:27.965,93.7,31.31,10.67,10,1,2,1,1,1,0,3,1
687,2026-06-16T07:24:28.002,68.06,27.34,14.69,10,1,2,1,1,1,0,3,1
688,2026-06-16T07:24:28.029,95.76,36.69,10.44,11,2,2,1,1,1,0,3,1
689,2026-06-16T07:24:28.061,91.99,30.96,10.87,10,1,2,1,1,1,0,3,1
690,2026-06-16T07:24:28.100,58.68,25.5,17.04,11,1,3,1,1,1,0,3,1
691,2026-06-16T07:24:28.124,98.52,41.7,10.15,9,1,1,1,1,1,0,3,1
692,2026-06-16T07:24:28.174,93.65,20.55,10.68,10,1,2,1,1,1,0,3,1
693,2026-06-16T07:24:28.206,88.17,30.43,11.34,9,1,2,1,1,1,0,2,1
694,2026-06-16T07:24:28.237,96.11,32.46,10.4,10,1,2,1,1,1,0,3,1
695,2026-06-16T07:24:28.269,96.44,31.43,10.37,9,1,1,1,1,1,0,3,1
696,2026-06-16T07:24:28.300,97.14,31.34,10.29,9,1,1,1,1,1,0,3,1
697,2026-06-16T07:24:28.332,96.92,31.22,10.32,10,1,2,1,1,1,0,3,1
698,2026-06-16T07:24:28.365,93.35,30.82,10.71,9,1,1,1,1,1,0,3,1
699,2026-06-16T07:24:28.398,92.47,30.38,10.81,10,1,2,1,1,1,0,3,1
700,2026-06-16T07:24:28.430,88.13,30.97,11.35,10,1,2,1,1,1,0,3,1
701,2026-06-16T07:24:28.463,85.01,31.29,11.76,10,1,2,1,1,1,0,3,1
702,2026-06-16T07:24:28.494,87.52,31.28,11.43,11,1,3,1,1,1,0,3,1
703,2026-06-16T07:24:28.525,94.7,32.6,10.56,10,1,2,1,1,1,0,3,1
704,2026-06-16T07:24:28.573,95.21,20.84,10.5,10,1,2,1,1,1,0,3,1
705,2026-06-16T07:24:28.604,96.61,31.43,10.35,10,1,2,1,1,1,0,3,1
706,2026-06-16T07:24:28.638,87.3,29.81,11.45,10,1,2,1,1,1,0,3,1
707,2026-06-16T07:24:28.669,96.28,32.64,10.39,11,1,3,1,1,1,0,3,1
708,2026-06-16T07:24:28.701,94.48,31.22,10.58,10,1,2,1,1,1,0,3,1
709,2026-06-16T07:24:28.732,96.7,31.46,10.34,11,1,3,1,1,1,0,3,1
710,2026-06-16T07:24:28.764,95.51,31.16,10.47,10,2,2,0,1,1,0,3,1
711,2026-06-16T07:24:28.797,96.95,31.08,10.31,11,2,2,1,1,1,0,3,1
712,2026-06-16T07:24:28.829,97.46,31.36,10.26,11,2,2,1,1,1,0,3,1
713,2026-06-16T07:24:28.863,86.6,29.39,11.55,12,2,3,1,1,1,0,3,1
714,2026-06-16T07:24:28.893,97.06,33.27,10.3,11,2,2,1,1,1,0,3,1
715,2026-06-16T07:24:28.925,96.72,31.27,10.34,12,2,3,1,1,1,0,3,1
716,2026-06-16T07:24:28.973,93.11,20.59,10.74,11,2,2,1,1,1,0,3,1
717,2026-06-16T07:24:29.005,93.79,31.62,10.66,11,2,2,1,1,1,0,3,1
718,2026-06-16T07:24:29.046,51.16,23.95,19.55,11,2,2,1,1,1,0,3,1
719,2026-06-16T07:24:29.082,47.54,28.93,21.04,11,2,2,1,1,1,0,3,1
720,2026-06-16T07:24:29.100,98.27,51.89,10.18,11,2,2,1,1,1,0,3,1
721,2026-06-16T07:24:29.139,62.37,25.98,16.03,10,1,2,1,1,1,0,3,1
722,2026-06-16T07:24:29.164,96.31,39.07,10.38,10,1,2,1,1,1,0,3,1
723,2026-06-16T07:24:29.197,96.18,31.13,10.4,12,2,3,1,1,1,0,3,1
724,2026-06-16T07:24:29.231,84.78,29.21,11.8,11,2,2,1,1,1,0,3,1
725,2026-06-16T07:24:29.263,86.77,32.26,11.52,11,2,2,1,1,1,0,3,1
726,2026-06-16T07:24:29.294,87.42,31.2,11.44,10,1,2,1,1,1,0,3,1
727,2026-06-16T07:24:29.325,90.64,31.93,11.03,10,2,1,1,1,1,0,3,1
728,2026-06-16T07:24:29.374,83.25,20.43,12.01,9,1,1,1,1,1,0,3,1
729,2026-06-16T07:24:29.405,93.52,32.77,10.69,9,1,1,1,1,1,0,3,1
730,2026-06-16T07:24:29.447,50.88,23.54,19.66,9,1,1,1,1,1,0,3,1
731,2026-06-16T07:24:29.470,85.02,44.06,11.76,9,1,1,1,1,1,0,3,1
732,2026-06-16T07:24:29.503,85.58,30.71,11.69,9,1,1,1,1,1,0,3,1
733,2026-06-16T07:24:29.543,49.27,24.54,20.3,9,1,1,1,1,1,0,3,1
734,2026-06-16T07:24:29.564,96.89,46.89,10.32,9,1,1,1,1,1,0,3,1
735,2026-06-16T07:24:29.597,97.63,31.64,10.24,9,1,1,1,1,1,0,3,1
736,2026-06-16T07:24:29.629,92.58,30.5,10.8,9,1,1,1,1,1,0,3,1
737,2026-06-16T07:24:29.661,94.48,31.5,10.58,9,1,1,1,1,1,0,3,1
738,2026-06-16T07:24:29.692,96.83,31.65,10.33,9,1,1,1,1,1,0,3,1
739,2026-06-16T07:24:29.727,85.59,29.56,11.68,9,1,1,1,1,1,0,3,1
740,2026-06-16T07:24:29.773,95.85,21.55,10.43,9,1,1,1,1,1,0,3,1
741,2026-06-16T07:24:29.814,51.91,24.1,19.26,9,1,1,1,1,1,0,3,1
742,2026-06-16T07:24:29.843,65.42,35.61,15.29,9,1,1,1,1,1,0,3,1
743,2026-06-16T07:24:29.875,61.38,30.18,16.29,9,1,1,1,1,1,0,3,1
744,2026-06-16T07:24:29.900,96.04,39.65,10.41,9,1,1,1,1,1,0,3,1
745,2026-06-16T07:24:29.934,89.54,30.01,11.17,9,1,1,1,1,1,0,3,1
746,2026-06-16T07:24:29.965,93.99,32.29,10.64,9,1,1,1,1,1,0,3,1
747,2026-06-16T07:24:29.997,96.99,31.67,10.31,9,1,1,1,1,1,0,3,1
748,2026-06-16T07:24:30.029,93.61,30.63,10.68,9,1,1,1,1,1,0,3,1
749,2026-06-16T07:24:30.061,96.78,31.48,10.33,11,2,1,1,1,1,0,4,1
750,2026-06-16T07:24:30.093,97.71,31.71,10.23,9,1,1,1,1,1,0,3,1
751,2026-06-16T07:24:30.125,97.46,31.28,10.26,9,1,1,1,1,1,0,3,1
752,2026-06-16T07:24:30.175,84.85,19.91,11.79,9,1,1,1,1,1,0,3,1
753,2026-06-16T07:24:30.204,98.05,33.58,10.2,9,1,1,1,1,1,0,3,1
754,2026-06-16T07:24:30.237,95.18,30.93,10.51,9,1,1,1,1,1,0,3,1
755,2026-06-16T07:24:30.269,96.42,31.42,10.37,9,1,1,1,1,1,0,3,1
756,2026-06-16T07:24:30.300,98.5,31.45,10.15,9,2,1,0,1,1,0,3,1
757,2026-06-16T07:24:30.332,98.74,31.01,10.13,9,1,1,1,1,1,0,3,1
758,2026-06-16T07:24:30.371,60.84,25.85,16.44,9,1,1,1,1,1,0,3,1
759,2026-06-16T07:24:30.401,68.96,33.18,14.5,9,1,1,1,1,1,0,3,1
760,2026-06-16T07:24:30.429,95.01,36.47,10.52,9,1,1,1,1,1,0,3,1
761,2026-06-16T07:24:30.465,75.91,28.07,13.17,9,1,1,1,1,1,0,3,1
762,2026-06-16T07:24:30.494,91.11,34.6,10.98,9,1,2,0,1,1,0,3,1
763,2026-06-16T07:24:30.524,91.4,31.38,10.94,9,1,1,1,1,1,0,3,1
764,2026-06-16T07:24:30.558,91.17,31.03,10.97,9,1,1,1,1,1,0,3,1
765,2026-06-16T07:24:30.606,89.38,20.5,11.19,9,1,1,1,1,1,0,3,1
766,2026-06-16T07:24:30.637,92.26,32.33,10.84,9,1,1,1,1,1,0,3,1
767,2026-06-16T07:24:30.677,56.19,25.23,17.8,9,1,1,1,1,1,0,3,1
768,2026-06-16T07:24:30.700,97.07,42.25,10.3,9,1,1,1,1,1,0,3,1
769,2026-06-16T07:24:30.733,97.83,31.31,10.22,9,1,1,1,1,1,0,3,1
770,2026-06-16T07:24:30.767,78.48,28.27,12.74,9,1,1,1,1,1,0,3,1
771,2026-06-16T07:24:30.797,97.89,35.11,10.22,9,1,1,1,1,1,0,3,1
772,2026-06-16T07:24:30.830,90.62,29.9,11.03,9,1,1,1,1,1,0,3,1
773,2026-06-16T07:24:30.861,95.68,32.09,10.45,9,1,1,1,1,1,0,3,1
774,2026-06-16T07:24:30.892,97.45,31.78,10.26,9,1,1,1,1,1,0,3,1
775,2026-06-16T07:24:30.924,98.75,31.45,10.13,9,1,1,1,1,1,0,3,1
776,2026-06-16T07:24:30.957,97.3,30.93,10.28,9,1,2,0,1,1,0,3,1
777,2026-06-16T07:24:31.004,95.75,20.75,10.44,9,1,1,1,1,1,0,3,1
778,2026-06-16T07:24:31.039,88.37,29.77,11.32,9,1,1,1,1,1,0,3,1
779,2026-06-16T07:24:31.069,94.4,32.66,10.59,9,1,1,1,1,1,0,3,1
780,2026-06-16T07:24:31.101,94.51,31.32,10.58,9,1,1,1,1,1,0,3,1
781,2026-06-16T07:24:31.142,52.78,24.49,18.95,9,1,1,1,1,1,0,3,1
782,2026-06-16T07:24:31.165,95.88,43.49,10.43,9,1,1,1,1,1,0,3,1
783,2026-06-16T07:24:31.203,63.71,26.29,15.7,9,1,1,1,1,1,0,3,1
784,2026-06-16T07:24:31.229,96.66,38.67,10.35,9,1,1,1,1,1,0,3,1
785,2026-06-16T07:24:31.262,85.89,29.48,11.64,9,1,1,1,1,1,0,3,1
786,2026-06-16T07:24:31.294,92.35,31.99,10.83,9,1,1,1,1,1,0,3,1
787,2026-06-16T07:24:31.324,95.44,32.26,10.48,9,1,1,1,1,1,0,3,1
788,2026-06-16T07:24:31.357,95.91,31.31,10.43,9,1,1,1,1,1,0,3,1
789,2026-06-16T07:24:31.405,95.23,20.84,10.5,9,1,1,1,1,1,0,3,1
790,2026-06-16T07:24:31.437,94.27,31.05,10.61,9,1,1,1,1,1,0,3,1
791,2026-06-16T07:24:31.472,80.05,28.85,12.49,9,1,1,1,1,1,0,3,1
792,2026-06-16T07:24:31.509,56.84,26.68,17.59,9,1,1,1,1,1,0,3,1
793,2026-06-16T07:24:31.533,94.89,41.8,10.54,9,1,1,1,1,1,0,3,1
794,2026-06-16T07:24:31.565,93.98,31.07,10.64,9,1,1,1,1,1,0,3,1
795,2026-06-16T07:24:31.598,91.27,30.55,10.96,9,1,1,1,1,1,0,3,1
796,2026-06-16T07:24:31.629,94.66,32.16,10.56,9,1,1,1,1,1,0,3,1
797,2026-06-16T07:24:31.660,95.75,31.5,10.44,9,1,1,1,1,1,0,3,1
798,2026-06-16T07:24:31.699,66.18,26.52,15.11,9,1,1,1,1,1,0,3,1
799,2026-06-16T07:24:31.725,97.21,37.96,10.29,9,1,1,1,1,1,0,3,1
800,2026-06-16T07:24:31.756,97.19,31.43,10.29,9,1,2,0,1,1,0,3,1
801,2026-06-16T07:24:31.811,61.25,18.26,16.33,9,1,1,1,1,1,0,3,1
802,2026-06-16T07:24:31.836,95.77,39.42,10.44,9,1,1,1,1,1,0,3,1
803,2026-06-16T07:24:31.869,97.72,31.38,10.23,9,1,1,1,1,1,0,3,1
804,2026-06-16T07:24:31.902,90.66,30.14,11.03,9,1,1,1,1,1,0,3,1
805,2026-06-16T07:24:31.932,96.39,32.48,10.37,9,1,0,1,1,1,0,4,1
806,2026-06-16T07:24:31.964,97.66,31.3,10.24,9,1,1,1,1,1,0,3,1
807,2026-06-16T07:24:31.997,95.75,30.85,10.44,9,1,1,1,1,1,0,3,1
808,2026-06-16T07:24:32.028,96.52,31.56,10.36,9,1,1,1,1,1,0,3,1
809,2026-06-16T07:24:32.061,94.93,30.99,10.53,9,1,1,1,1,1,0,3,1
810,2026-06-16T07:24:32.093,94.61,31.27,10.57,9,1,1,1,1,1,0,3,1
811,2026-06-16T07:24:32.126,87.6,29.98,11.42,9,1,0,1,1,1,0,4,1
812,2026-06-16T07:24:32.156,94.87,32.57,10.54,9,1,1,1,1,1,0,3,1
813,2026-06-16T07:24:32.205,94.97,20.82,10.53,9,1,1,1,1,1,0,3,1
814,2026-06-16T07:24:32.246,52.12,24.21,19.19,9,1,1,1,1,1,0,3,1
815,2026-06-16T07:24:32.269,94.85,44.07,10.54,10,1,1,1,1,1,0,4,1
816,2026-06-16T07:24:32.300,96.98,31.61,10.31,9,1,1,1,1,1,0,3,1
817,2026-06-16T07:24:32.342,54.13,24.07,18.47,9,1,1,1,1,1,0,3,1
818,2026-06-16T07:24:32.364,97.64,44.46,10.24,10,2,1,1,1,1,0,3,1
819,2026-06-16T07:24:32.396,97.42,31.48,10.27,8,1,1,0,1,1,0,3,1
820,2026-06-16T07:24:32.431,81.63,29.32,12.25,9,1,1,1,1,1,0,3,1
821,2026-06-16T07:24:32.463,85.85,31.39,11.65,9,1,1,1,1,1,0,3,1
822,2026-06-16T07:24:32.493,94.27,32.62,10.61,9,1,1,1,1,1,0,3,1
823,2026-06-16T07:24:32.525,96.49,31.39,10.36,9,1,1,1,1,1,0,3,1
824,2026-06-16T07:24:32.558,88.13,30.12,11.35,8,1,1,0,1,1,0,3,1
825,2026-06-16T07:24:32.606,88.86,21.03,11.25,9,1,1,1,1,1,0,3,1
826,2026-06-16T07:24:32.637,95.04,31.97,10.52,9,1,1,1,1,1,0,3,1
827,2026-06-16T07:24:32.669,97.02,31.47,10.31,9,1,1,1,1,1,0,3,1
828,2026-06-16T07:24:32.700,97.34,31.49,10.27,8,1,1,0,1,1,0,3,1
829,2026-06-16T07:24:32.735,80.64,28.5,12.4,9,1,1,1,1,1,0,3,1
830,2026-06-16T07:24:32.776,49.62,24.86,20.15,10,1,2,1,1,1,0,3,1
831,2026-06-16T07:24:32.796,97.12,48.08,10.3,9,1,1,1,1,1,0,3,1
832,2026-06-16T07:24:32.829,95.52,30.87,10.47,9,1,1,1,1,1,0,3,1
833,2026-06-16T07:24:32.860,94.55,31.3,10.58,9,1,1,1,1,1,0,3,1
834,2026-06-16T07:24:32.892,96.64,31.44,10.35,10,1,2,1,1,1,0,3,1
835,2026-06-16T07:24:32.925,96.73,31.31,10.34,9,1,1,1,1,1,0,3,1
836,2026-06-16T07:24:32.956,96.91,31.29,10.32,10,1,1,1,1,1,0,4,1
837,2026-06-16T07:24:32.990,89.45,29.9,11.18,8,1,1,0,1,1,0,3,1
838,2026-06-16T07:24:33.037,94.77,21.37,10.55,8,1,1,0,1,1,0,3,1
839,2026-06-16T07:24:33.068,96.38,31.45,10.38,9,1,1,1,1,1,0,3,1
840,2026-06-16T07:24:33.100,96.45,31.13,10.37,9,1,1,1,1,1,0,3,1
841,2026-06-16T07:24:33.133,92.83,30.86,10.77,9,1,1,1,1,1,0,3,1
842,2026-06-16T07:24:33.171,60.66,26.16,16.48,9,1,1,1,1,1,0,3,1
843,2026-06-16T07:24:33.197,95.84,39.56,10.43,9,1,1,1,1,1,0,3,1
844,2026-06-16T07:24:33.230,89.2,29.98,11.21,10,2,1,1,1,1,0,3,1
845,2026-06-16T07:24:33.263,81.67,30.02,12.24,9,1,1,1,1,1,0,3,1
846,2026-06-16T07:24:33.293,91.65,33.57,10.91,8,1,1,0,1,1,0,3,1
847,2026-06-16T07:24:33.326,85.44,30.12,11.7,10,1,2,1,1,1,0,3,1
848,2026-06-16T07:24:33.358,85.9,31.45,11.64,9,1,0,1,1,1,0,4,1
849,2026-06-16T07:24:33.402,45.23,23.19,22.11,9,1,1,1,1,1,0,3,1
850,2026-06-16T07:24:33.440,77.18,26.03,12.96,9,1,1,1,1,1,0,3,1
851,2026-06-16T07:24:33.471,82.99,32.25,12.05,10,2,1,1,1,1,0,3,1
852,2026-06-16T07:24:33.502,87.59,32.03,11.42,9,1,1,1,1,1,0,3,1
853,2026-06-16T07:24:33.534,89.23,31.55,11.21,9,1,1,1,1,1,0,3,1
854,2026-06-16T07:24:33.566,85.29,30.59,11.72,9,1,1,1,1,1,0,3,1
855,2026-06-16T07:24:33.598,86.99,31.59,11.5,9,1,1,1,1,1,0,3,1
856,2026-06-16T07:24:33.630,89.78,31.65,11.14,9,1,1,1,1,1,0,3,1
857,2026-06-16T07:24:33.662,88.06,30.62,11.36,9,1,1,1,1,1,0,3,1
858,2026-06-16T07:24:33.693,92.94,32.26,10.76,9,1,1,1,1,1,0,3,1
859,2026-06-16T07:24:33.726,90.61,30.98,11.04,8,1,0,0,1,1,0,4,1
860,2026-06-16T07:24:33.758,85.77,30.52,11.66,9,1,1,1,1,1,0,3,1
861,2026-06-16T07:24:33.800,48.11,23.92,20.79,9,1,1,1,1,1,0,3,1
862,2026-06-16T07:24:33.848,47.65,20.76,20.99,9,1,1,1,1,1,0,3,1
863,2026-06-16T07:24:33.871,83.78,43.53,11.94,9,1,1,1,1,1,0,3,1
864,2026-06-16T07:24:33.902,85.51,32.27,11.69,9,1,1,1,1,1,0,3,1
865,2026-06-16T07:24:33.934,87.03,31.33,11.49,9,1,1,1,1,1,0,3,1
866,2026-06-16T07:24:33.965,92.25,32.3,10.84,7,1,0,0,1,1,0,3,1
867,2026-06-16T07:24:33.998,87.43,30.44,11.44,9,1,1,1,1,1,0,3,1
868,2026-06-16T07:24:34.030,87.54,31.24,11.42,9,1,1,1,1,1,0,3,1
869,2026-06-16T07:24:34.061,91.62,31.76,10.92,9,1,1,1,1,1,0,3,1
870,2026-06-16T07:24:34.094,85.59,30.01,11.68,9,1,0,1,1,1,0,4,1
871,2026-06-16T07:24:34.126,86.32,31.76,11.58,9,1,0,1,1,1,0,4,1
872,2026-06-16T07:24:34.169,47.0,23.57,21.28,9,1,1,1,1,1,0,3,1
873,2026-06-16T07:24:34.191,82.17,45.35,12.17,9,1,2,0,1,1,0,3,1
874,2026-06-16T07:24:34.238,81.27,20.77,12.3,8,1,1,0,1,1,0,3,1
875,2026-06-16T07:24:34.271,80.73,31.13,12.39,9,1,1,1,1,1,0,3,1
876,2026-06-16T07:24:34.303,78.49,30.5,12.74,9,1,1,1,1,1,0,3,1
877,2026-06-16T07:24:34.334,89.6,33.62,11.16,9,1,0,1,1,1,0,4,1
878,2026-06-16T07:24:34.365,92.86,31.59,10.77,9,1,1,1,1,1,0,3,1
879,2026-06-16T07:24:34.401,74.06,28.22,13.5,9,1,1,1,1,1,0,3,1
880,2026-06-16T07:24:34.429,96.28,35.63,10.39,9,1,0,1,1,1,0,4,1
881,2026-06-16T07:24:34.462,82.48,29.53,12.12,9,1,1,1,1,1,0,3,1
882,2026-06-16T07:24:34.494,86.87,31.72,11.51,9,1,1,1,1,1,0,3,1
883,2026-06-16T07:24:34.526,86.21,30.93,11.6,9,1,0,1,1,1,0,4,1
884,2026-06-16T07:24:34.557,93.36,32.49,10.71,9,1,1,1,1,1,0,3,1
885,2026-06-16T07:24:34.590,86.03,30.44,11.62,9,1,1,1,1,1,0,3,1
886,2026-06-16T07:24:34.638,92.95,21.1,10.76,9,1,1,1,1,1,0,3,1
887,2026-06-16T07:24:34.670,93.86,31.38,10.65,10,1,1,1,1,1,0,4,1
888,2026-06-16T07:24:34.706,67.5,27.09,14.82,10,1,1,1,1,1,0,4,1
889,2026-06-16T07:24:34.734,91.21,36.14,10.96,9,1,1,1,1,1,0,3,1
890,2026-06-16T07:24:34.765,95.65,32.33,10.45,9,1,1,1,1,1,0,3,1
891,2026-06-16T07:24:34.797,96.42,30.83,10.37,9,1,1,1,1,1,0,3,1
892,2026-06-16T07:24:34.829,95.74,31.69,10.45,9,1,0,1,1,1,0,4,1
893,2026-06-16T07:24:34.862,83.95,29.25,11.91,9,1,1,1,1,1,0,3,1
894,2026-06-16T07:24:34.903,51.16,25.26,19.55,9,1,0,1,1,1,0,4,1
895,2026-06-16T07:24:34.925,90.9,43.59,11.0,9,1,1,1,1,1,0,3,1
896,2026-06-16T07:24:34.959,80.31,29.69,12.45,9,1,1,1,1,1,0,3,1
897,2026-06-16T07:24:34.998,52.4,25.51,19.08,10,1,1,1,1,1,0,4,1
898,2026-06-16T07:24:35.046,48.6,20.52,20.58,9,1,1,1,1,1,0,3,1
899,2026-06-16T07:24:35.069,89.54,44.65,11.17,9,1,1,1,1,1,0,3,1
900,2026-06-16T07:24:35.101,95.15,31.85,10.51,9,1,1,1,1,1,0,3,1
901,2026-06-16T07:24:35.132,97.87,31.65,10.22,9,1,1,1,1,1,0,3,1
902,2026-06-16T07:24:35.166,84.57,29.3,11.83,9,1,1,1,1,1,0,3,1
903,2026-06-16T07:24:35.197,93.28,32.56,10.72,9,1,0,1,1,1,0,4,1
904,2026-06-16T07:24:35.229,96.81,31.93,10.33,9,1,1,1,1,1,0,3,1
905,2026-06-16T07:24:35.260,97.38,31.42,10.27,8,1,0,0,1,1,0,4,1
906,2026-06-16T07:24:35.293,97.13,31.13,10.3,9,1,0,1,1,1,0,4,1
907,2026-06-16T07:24:35.325,94.88,30.78,10.54,9,1,1,1,1,1,0,3,1
908,2026-06-16T07:24:35.356,94.0,31.39,10.64,9,1,1,1,1,1,0,3,1
909,2026-06-16T07:24:35.390,89.46,30.3,11.18,8,1,1,0,1,1,0,3,1
910,2026-06-16T07:24:35.427,60.37,26.59,16.56,9,1,1,1,1,1,0,3,1
911,2026-06-16T07:24:35.470,84.7,23.35,11.81,9,1,1,1,1,1,0,3,1
912,2026-06-16T07:24:35.501,89.88,32.17,11.13,9,1,0,1,1,1,0,4,1
913,2026-06-16T07:24:35.542,51.66,24.54,19.36,9,1,1,1,1,1,0,3,1
914,2026-06-16T07:24:35.565,96.08,44.45,10.41,9,1,1,1,1,1,0,3,1
915,2026-06-16T07:24:35.608,49.27,23.39,20.3,8,1,1,0,1,1,0,3,1
916,2026-06-16T07:24:35.635,60.24,35.49,16.6,8,1,0,1,1,1,0,3,1
917,2026-06-16T07:24:35.661,94.97,39.6,10.53,9,1,0,1,1,1,0,4,1
918,2026-06-16T07:24:35.693,96.22,31.53,10.39,8,1,0,0,1,1,0,4,1
919,2026-06-16T07:24:35.725,94.24,30.78,10.61,9,1,0,1,1,1,0,4,1
920,2026-06-16T07:24:35.757,94.18,31.38,10.62,9,1,0,1,1,1,0,4,1
921,2026-06-16T07:24:35.789,96.17,31.5,10.4,9,1,0,1,1,1,0,4,1
922,2026-06-16T07:24:35.822,88.48,29.78,11.3,8,1,0,0,1,1,0,4,1
923,2026-06-16T07:24:35.869,93.73,21.32,10.67,9,1,0,1,1,1,0,4,1
924,2026-06-16T07:24:35.901,98.56,32.03,10.15,9,1,0,1,1,1,0,4,1
925,2026-06-16T07:24:35.942,52.21,23.92,19.15,9,1,0,1,1,1,0,4,1
926,2026-06-16T07:24:35.965,94.71,44.03,10.56,9,1,1,1,1,1,0,3,1
927,2026-06-16T07:24:35.997,96.66,31.49,10.35,9,1,0,1,1,1,0,4,1
928,2026-06-16T07:24:36.033,77.14,28.02,12.96,9,1,1,1,1,1,0,3,1
929,2026-06-16T07:24:36.062,86.2,33.36,11.6,9,1,0,1,1,1,0,4,1
930,2026-06-16T07:24:36.092,96.78,32.93,10.33,9,1,1,1,1,1,0,3,1
931,2026-06-16T07:24:36.124,96.8,31.33,10.33,9,1,1,1,1,1,0,3,1
932,2026-06-16T07:24:36.157,95.88,31.06,10.43,10,1,1,1,1,1,0,4,1
933,2026-06-16T07:24:36.189,95.98,31.38,10.42,9,1,0,1,1,1,0,4,1
934,2026-06-16T07:24:36.221,93.11,30.89,10.74,9,1,1,1,1,1,0,3,1
935,2026-06-16T07:24:36.270,89.02,20.43,11.23,9,1,1,1,1,1,0,3,1
936,2026-06-16T07:24:36.301,90.2,31.83,11.09,9,1,1,1,1,1,0,3,1
937,2026-06-16T07:24:36.333,96.44,31.94,10.37,10,2,1,1,1,1,0,3,1
938,2026-06-16T07:24:36.365,95.62,31.25,10.46,10,2,1,1,1,1,0,3,1
939,2026-06-16T07:24:36.397,96.8,31.22,10.33,11,2,2,1,1,1,0,3,1
940,2026-06-16T07:24:36.429,96.2,31.38,10.39,9,1,1,1,1,1,0,3,1
941,2026-06-16T07:24:36.471,49.1,23.18,20.37,10,2,2,0,1,1,0,3,1
942,2026-06-16T07:24:36.494,87.28,43.97,11.46,10,1,3,0,1,1,0,3,1
943,2026-06-16T07:24:36.593,92.32,10.21,10.83,11,1,3,1,1,1,0,3,1
944,2026-06-16T07:24:36.609,97.64,60.83,10.24,11,1,3,1,1,1,0,3,1
945,2026-06-16T07:24:36.627,87.63,56.44,11.41,10,1,2,1,1,1,0,3,1
946,2026-06-16T07:24:36.669,94.68,23.58,10.56,10,1,2,1,1,1,0,3,1
947,2026-06-16T07:24:36.702,84.84,29.97,11.79,10,1,3,0,1,1,0,3,1
948,2026-06-16T07:24:36.792,91.47,11.14,10.93,11,1,3,1,1,1,0,3,1
949,2026-06-16T07:24:36.808,98.14,61.58,10.19,10,1,2,1,1,1,0,3,1
950,2026-06-16T07:24:36.829,93.46,48.52,10.7,9,1,2,1,1,1,0,2,1
951,2026-06-16T07:24:36.863,84.9,29.37,11.78,10,1,2,1,1,1,0,3,1
952,2026-06-16T07:24:36.892,97.29,33.79,10.28,10,1,3,0,1,1,0,3,1
953,2026-06-16T07:24:36.926,90.77,30.12,11.02,10,1,2,1,1,1,0,3,1
954,2026-06-16T07:24:36.957,92.56,31.64,10.8,10,1,3,0,1,1,0,3,1
955,2026-06-16T07:24:36.988,96.34,32.14,10.38,9,1,2,0,1,1,0,3,1
956,2026-06-16T07:24:37.020,95.97,31.33,10.42,9,1,1,1,1,1,0,3,1
957,2026-06-16T07:24:37.077,56.5,17.74,17.7,10,1,2,1,1,1,0,3,1
958,2026-06-16T07:24:37.110,51.72,30.04,19.33,9,1,2,0,1,1,0,3,1
959,2026-06-16T07:24:37.134,89.06,41.9,11.23,9,1,1,1,1,1,0,3,1
960,2026-06-16T07:24:37.165,93.48,32.31,10.7,9,1,2,0,1,1,0,3,1
961,2026-06-16T07:24:37.197,91.92,31.11,10.88,9,1,2,0,1,1,0,3,1
962,2026-06-16T07:24:37.228,98.03,31.83,10.2,9,1,2,0,1,1,0,3,1
963,2026-06-16T07:24:37.262,92.78,30.66,10.78,10,1,2,1,1,1,0,3,1
964,2026-06-16T07:24:37.293,96.72,31.81,10.34,9,1,2,0,1,1,0,3,1
965,2026-06-16T07:24:37.325,97.08,31.31,10.3,9,1,2,0,1,1,0,3,1
966,2026-06-16T07:24:37.358,87.36,29.75,11.45,9,1,2,0,1,1,0,3,1
967,2026-06-16T07:24:37.389,94.88,32.61,10.54,9,1,1,1,1,1,0,3,1
968,2026-06-16T07:24:37.420,98.17,31.71,10.19,10,1,2,1,1,1,0,3,1
969,2026-06-16T07:24:37.471,79.83,19.57,12.53,9,1,1,1,1,1,0,3,1
970,2026-06-16T07:24:37.502,88.55,33.25,11.29,9,1,2,0,1,1,0,3,1
971,2026-06-16T07:24:37.533,92.9,31.7,10.76,8,1,2,0,1,1,0,2,1
972,2026-06-16T07:24:37.567,84.29,29.78,11.86,9,1,2,0,1,1,0,3,1
973,2026-06-16T07:24:37.597,97.18,33.51,10.29,9,1,1,1,1,1,0,3,1
974,2026-06-16T07:24:37.630,87.58,30.08,11.42,9,1,2,0,1,1,0,3,1
975,2026-06-16T07:24:37.661,93.84,31.96,10.66,9,1,1,1,1,1,0,3,1
976,2026-06-16T07:24:37.693,97.79,31.5,10.23,12,1,2,0,1,4,0,3,1
977,2026-06-16T07:24:37.724,97.43,31.57,10.26,9,1,2,0,1,1,0,3,1
978,2026-06-16T07:24:37.758,88.09,30.08,11.35,9,1,1,1,1,1,0,3,1
979,2026-06-16T07:24:37.790,87.47,30.74,11.43,10,1,2,0,1,2,0,3,1
980,2026-06-16T07:24:37.821,94.89,32.79,10.54,9,1,2,0,1,1,0,3,1
981,2026-06-16T07:24:37.869,95.04,20.83,10.52,9,1,1,1,1,1,0,3,1
982,2026-06-16T07:24:37.901,95.79,31.34,10.44,9,1,1,1,1,1,0,3,1
983,2026-06-16T07:24:37.933,96.69,31.35,10.34,9,1,1,1,1,1,0,3,1
984,2026-06-16T07:24:37.965,97.85,31.29,10.22,9,1,2,0,1,1,0,3,1
985,2026-06-16T07:24:38.007,49.71,23.29,20.12,9,1,1,1,1,1,0,3,1
986,2026-06-16T07:24:38.038,51.95,32.66,19.25,8,1,1,0,1,1,0,3,1
987,2026-06-16T07:24:38.062,93.17,42.91,10.73,9,1,1,1,1,1,0,3,1
988,2026-06-16T07:24:38.095,82.39,29.85,12.14,8,1,1,0,1,1,0,3,1
989,2026-06-16T07:24:38.134,52.45,25.7,19.07,9,1,2,0,1,1,0,3,1
990,2026-06-16T07:24:38.166,51.67,30.84,19.35,8,1,1,0,1,1,0,3,1
991,2026-06-16T07:24:38.189,97.77,44.43,10.23,8,1,1,1,1,1,0,2,1
992,2026-06-16T07:24:38.222,86.67,29.91,11.54,9,1,1,1,1,1,0,3,1
993,2026-06-16T07:24:38.253,94.44,32.52,10.59,9,1,1,1,1,1,0,3,1
994,2026-06-16T07:24:38.310,51.95,17.34,19.25,9,1,1,1,1,1,0,3,1
995,2026-06-16T07:24:38.332,93.32,44.34,10.72,9,1,1,1,1,1,0,3,1
996,2026-06-16T07:24:38.364,96.7,31.71,10.34,9,1,1,1,1,1,0,3,1
997,2026-06-16T07:24:38.399,82.95,29.15,12.05,9,1,1,1,1,1,0,3,1
998,2026-06-16T07:24:38.430,85.77,31.55,11.66,9,1,1,1,1,1,0,3,1
999,2026-06-16T07:24:38.462,81.76,31.32,12.23,9,1,1,1,1,1,0,3,1
1000,2026-06-16T07:24:38.493,94.01,32.65,10.64,9,1,1,1,1,1,0,3,1
1001,2026-06-16T07:24:38.524,98.28,32.11,10.18,9,1,1,1,1,1,0,3,1
1002,2026-06-16T07:24:38.557,96.27,30.91,10.39,9,1,1,1,1,1,0,3,1
1003,2026-06-16T07:24:38.589,96.69,31.25,10.34,9,1,1,1,1,1,0,3,1
1004,2026-06-16T07:24:38.621,94.39,30.92,10.59,9,1,1,1,1,1,0,3,1
1005,2026-06-16T07:24:38.664,49.81,23.35,20.08,10,1,2,1,1,1,0,3,1
1006,2026-06-16T07:24:38.700,96.93,27.24,10.32,9,1,1,1,1,1,0,3,1
1007,2026-06-16T07:24:38.732,97.25,31.25,10.28,9,1,1,1,1,1,0,3,1
1008,2026-06-16T07:24:38.764,96.51,31.16,10.36,9,1,1,1,1,1,0,3,1
1009,2026-06-16T07:24:38.797,94.04,30.92,10.63,10,1,1,1,1,2,0,3,1
1010,2026-06-16T07:24:38.836,60.27,25.93,16.59,9,1,1,1,1,1,0,3,1
1011,2026-06-16T07:24:38.861,93.83,39.4,10.66,9,1,1,1,1,1,0,3,1
1012,2026-06-16T07:24:38.894,92.67,30.66,10.79,9,1,1,1,1,1,0,3,1
1013,2026-06-16T07:24:38.927,80.52,29.62,12.42,9,1,1,1,1,1,0,3,1
1014,2026-06-16T07:24:38.957,95.49,33.89,10.47,9,1,1,1,1,1,0,3,1
1015,2026-06-16T07:24:38.988,97.79,31.78,10.23,9,1,1,1,1,1,0,3,1
1016,2026-06-16T07:24:39.021,96.1,30.87,10.41,9,1,1,1,1,1,0,3,1
1017,2026-06-16T07:24:39.052,93.91,31.13,10.65,9,1,1,1,1,1,0,3,1
1018,2026-06-16T07:24:39.102,91.52,20.46,10.93,9,1,1,1,1,1,0,3,1
1019,2026-06-16T07:24:39.142,54.59,25.11,18.32,9,1,1,1,1,1,0,3,1
1020,2026-06-16T07:24:39.164,96.74,43.12,10.34,9,1,1,1,1,1,0,3,1
1021,2026-06-16T07:24:39.197,97.59,31.33,10.25,9,1,1,1,1,1,0,3,1
1022,2026-06-16T07:24:39.230,85.12,29.45,11.75,9,1,1,1,1,1,0,3,1
1023,2026-06-16T07:24:39.260,95.08,33.14,10.52,9,1,1,1,1,1,0,3,1
1024,2026-06-16T07:24:39.294,91.53,30.63,10.93,9,1,2,0,1,1,0,3,1
1025,2026-06-16T07:24:39.326,87.12,30.4,11.48,9,1,1,1,1,1,0,3,1
1026,2026-06-16T07:24:39.424,92.86,10.16,10.77,9,1,1,1,1,1,0,3,1
1027,2026-06-16T07:24:39.442,89.74,57.35,11.14,9,1,1,1,1,1,0,3,1
1028,2026-06-16T07:24:39.469,48.66,37.13,20.55,9,1,2,0,1,1,0,3,1
1029,2026-06-16T07:24:39.501,93.54,31.27,10.69,9,1,1,1,1,1,0,3,1
1030,2026-06-16T07:24:39.539,62.33,25.89,16.04,10,1,2,1,1,1,0,3,1
1031,2026-06-16T07:24:39.565,93.96,39.43,10.64,9,1,1,1,1,1,0,3,1
1032,2026-06-16T07:24:39.597,97.28,31.66,10.28,9,1,1,1,1,1,0,3,1
1033,2026-06-16T07:24:39.629,96.07,31.07,10.41,10,1,2,1,1,1,0,3,1
1034,2026-06-16T07:24:39.662,88.75,30.32,11.27,9,1,1,1,1,1,0,3,1
1035,2026-06-16T07:24:39.693,96.65,32.27,10.35,9,1,1,1,1,1,0,3,1
1036,2026-06-16T07:24:39.724,97.88,31.44,10.22,9,1,1,1,1,1,0,3,1
1037,2026-06-16T07:24:39.758,89.48,29.79,11.18,10,1,2,1,1,1,0,3,1
1038,2026-06-16T07:24:39.789,97.22,32.65,10.29,10,1,2,1,1,1,0,3,1
1039,2026-06-16T07:24:39.821,91.92,30.51,10.88,11,1,3,1,1,1,0,3,1
1040,2026-06-16T07:24:39.860,58.73,25.9,17.03,10,1,3,0,1,1,0,3,1
1041,2026-06-16T07:24:39.901,94.0,24.26,10.64,10,1,2,1,1,1,0,3,1
1042,2026-06-16T07:24:39.932,97.95,31.93,10.21,10,1,2,1,1,1,0,3,1
1043,2026-06-16T07:24:39.966,86.87,29.79,11.51,9,1,1,1,1,1,0,3,1
1044,2026-06-16T07:24:39.996,96.45,32.84,10.37,9,1,2,1,1,1,0,2,1
1045,2026-06-16T07:24:40.038,52.14,24.04,19.18,10,1,2,1,1,1,0,3,1
1046,2026-06-16T07:24:40.070,52.39,31.1,19.09,11,1,3,1,1,1,0,3,1
1047,2026-06-16T07:24:40.092,98.18,45.56,10.19,9,1,2,1,1,1,0,2,1
1048,2026-06-16T07:24:40.125,95.67,30.83,10.45,10,1,2,1,1,1,0,3,1
1049,2026-06-16T07:24:40.168,49.6,23.43,20.16,10,1,2,1,1,1,0,3,1
1050,2026-06-16T07:24:40.190,90.18,44.62,11.09,10,1,2,1,1,1,0,3,1
1051,2026-06-16T07:24:40.290,92.5,9.98,10.81,9,1,1,1,1,1,0,3,1
1052,2026-06-16T07:24:40.305,98.78,64.41,10.12,10,1,2,1,1,1,0,3,1
1053,2026-06-16T07:24:40.334,84.48,35.11,11.84,9,1,1,1,1,1,0,3,1
1054,2026-06-16T07:24:40.373,55.83,25.71,17.91,10,1,2,1,1,1,0,3,1
1055,2026-06-16T07:24:40.398,85.99,39.28,11.63,10,1,3,0,1,1,0,3,1
1056,2026-06-16T07:24:40.429,95.84,32.8,10.43,10,1,2,1,1,1,0,3,1
1057,2026-06-16T07:24:40.467,64.02,26.32,15.62,10,1,2,1,1,1,0,3,1
1058,2026-06-16T07:24:40.494,88.95,37.4,11.24,9,1,1,1,1,1,0,3,1
1059,2026-06-16T07:24:40.534,52.51,24.93,19.05,9,1,2,0,1,1,0,3,1
1060,2026-06-16T07:24:40.557,91.78,42.7,10.9,9,1,1,1,1,1,0,3,1
1061,2026-06-16T07:24:40.588,96.71,31.84,10.34,9,1,1,1,1,1,0,3,1
1062,2026-06-16T07:24:40.621,92.13,30.46,10.85,9,1,2,0,1,1,0,3,1
1063,2026-06-16T07:24:40.652,96.59,32.12,10.35,9,1,2,0,1,1,0,3,1
1064,2026-06-16T07:24:40.686,89.32,30.44,11.2,9,1,2,0,1,1,0,3,1
1065,2026-06-16T07:24:40.733,93.8,20.94,10.66,10,1,2,0,1,2,0,3,1
1066,2026-06-16T07:24:40.765,96.04,31.66,10.41,9,1,2,0,1,1,0,3,1
1067,2026-06-16T07:24:40.797,93.17,31.05,10.73,9,1,2,0,1,1,0,3,1
1068,2026-06-16T07:24:40.830,90.05,30.42,11.11,9,1,2,0,1,1,0,3,1
1069,2026-06-16T07:24:40.861,91.81,32.02,10.89,8,1,2,0,0,1,0,3,1
1070,2026-06-16T07:24:40.901,57.41,25.35,17.42,9,1,2,0,1,1,0,3,1
1071,2026-06-16T07:24:40.924,96.37,41.55,10.38,9,1,2,0,1,1,0,3,1
1072,2026-06-16T07:24:40.957,95.13,30.94,10.51,9,1,2,0,1,1,0,3,1
1073,2026-06-16T07:24:40.992,76.02,28.46,13.16,9,1,2,0,1,1,0,3,1
1074,2026-06-16T07:24:41.021,94.28,34.88,10.61,9,1,2,0,1,1,0,3,1
1075,2026-06-16T07:24:41.054,90.42,30.17,11.06,10,1,2,0,1,2,0,3,1
1076,2026-06-16T07:24:41.085,95.32,32.34,10.49,9,1,2,1,0,1,0,3,1
1077,2026-06-16T07:24:41.132,96.55,20.91,10.36,9,1,1,1,1,1,0,3,1
1078,2026-06-16T07:24:41.165,95.73,31.08,10.45,9,1,2,0,1,1,0,3,1
1079,2026-06-16T07:24:41.207,51.2,23.79,19.53,11,1,2,0,1,3,0,3,1
1080,2026-06-16T07:24:41.228,98.65,46.53,10.14,8,1,2,0,0,1,0,3,1
1081,2026-06-16T07:24:41.262,89.69,29.68,11.15,8,1,3,0,0,1,0,2,1
1082,2026-06-16T07:24:41.293,95.57,32.49,10.46,9,1,2,0,1,1,0,3,1
1083,2026-06-16T07:24:41.324,98.19,31.51,10.18,9,1,1,0,1,1,0,4,1
1084,2026-06-16T07:24:41.356,94.9,30.93,10.54,9,1,3,0,0,1,0,3,1
1085,2026-06-16T07:24:41.389,94.83,31.39,10.54,9,1,1,1,0,2,0,3,1
1086,2026-06-16T07:24:41.421,95.36,31.35,10.49,8,1,2,0,0,1,0,3,1
1087,2026-06-16T07:24:41.454,88.89,30.13,11.25,9,1,1,0,1,1,0,4,1
1088,2026-06-16T07:24:41.485,88.37,31.22,11.32,7,1,1,0,0,1,0,3,1
1089,2026-06-16T07:24:41.556,92.8,14.3,10.78,9,1,1,0,1,1,0,4,1
1090,2026-06-16T07:24:41.572,95.52,63.63,10.47,8,1,1,1,0,1,0,3,1
1091,2026-06-16T07:24:41.603,64.29,32.07,15.55,9,1,1,0,1,1,0,4,1
1092,2026-06-16T07:24:41.630,84.57,36.16,11.82,10,1,1,0,1,2,0,4,1
1093,2026-06-16T07:24:41.661,92.48,32.53,10.81,9,1,1,0,0,2,0,4,1
1094,2026-06-16T07:24:41.694,85.03,29.71,11.76,8,1,1,0,0,1,0,4,1
1095,2026-06-16T07:24:41.726,86.01,31.47,11.63,8,1,1,0,0,1,0,4,1
1096,2026-06-16T07:24:41.757,94.87,32.88,10.54,9,1,1,0,1,1,0,4,1
1097,2026-06-16T07:24:41.798,50.82,24.21,19.68,7,1,1,0,1,1,0,2,1
1098,2026-06-16T07:24:41.820,96.76,45.15,10.34,7,1,1,0,0,1,0,3,1
1099,2026-06-16T07:24:41.853,96.28,31.01,10.39,9,1,2,1,1,1,0,2,1
1100,2026-06-16T07:24:41.885,93.56,30.77,10.69,9,1,2,1,0,1,0,3,1
1101,2026-06-16T07:24:41.933,90.51,20.62,11.05,9,2,1,1,1,1,0,2,1
1102,2026-06-16T07:24:41.964,96.0,32.2,10.42,10,1,2,1,1,1,0,3,1
1103,2026-06-16T07:24:41.996,98.14,31.46,10.19,9,1,1,1,1,1,0,3,1
1104,2026-06-16T07:24:42.029,95.8,30.94,10.44,10,1,1,1,1,1,0,4,1
1105,2026-06-16T07:24:42.060,95.73,31.28,10.45,10,1,2,1,1,1,0,3,1
1106,2026-06-16T07:24:42.092,96.25,31.44,10.39,9,1,1,1,1,1,0,3,1
1107,2026-06-16T07:24:42.131,60.89,25.79,16.42,9,1,1,1,1,1,0,3,1
1108,2026-06-16T07:24:42.158,89.91,37.62,11.12,11,1,3,1,1,1,0,3,1
1109,2026-06-16T07:24:42.189,95.39,32.46,10.48,8,1,1,1,1,1,0,2,1
1110,2026-06-16T07:24:42.223,81.92,28.89,12.21,10,1,2,1,1,1,0,3,1
1111,2026-06-16T07:24:42.253,93.72,33.55,10.67,10,1,2,1,1,1,0,3,1
1112,2026-06-16T07:24:42.285,95.6,31.66,10.46,9,1,1,1,1,1,0,3,1
1113,2026-06-16T07:24:42.333,95.61,20.8,10.46,10,1,2,1,1,1,0,3,1
1114,2026-06-16T07:24:42.366,86.45,29.69,11.57,10,1,2,1,1,1,0,3,1
1115,2026-06-16T07:24:42.397,90.73,32.17,11.02,10,1,2,1,1,1,0,3,1
1116,2026-06-16T07:24:42.436,57.47,25.86,17.4,9,1,1,1,1,1,0,3,1
1117,2026-06-16T07:24:42.473,47.47,27.8,21.07,10,1,2,1,1,1,0,3,1
1118,2026-06-16T07:24:42.494,91.32,46.74,10.95,10,1,2,1,1,1,0,3,1
1119,2026-06-16T07:24:42.527,84.65,29.83,11.81,10,1,2,1,1,1,0,3,1
1120,2026-06-16T07:24:42.557,95.78,33.68,10.44,10,1,2,1,1,1,0,3,1
1121,2026-06-16T07:24:42.591,87.04,29.89,11.49,10,1,2,1,1,1,0,3,1
1122,2026-06-16T07:24:42.621,97.12,32.94,10.3,9,1,1,1,1,1,0,3,1
1123,2026-06-16T07:24:42.663,50.89,23.84,19.65,9,1,2,1,1,1,0,2,1
1124,2026-06-16T07:24:42.685,95.06,44.79,10.52,10,1,2,1,1,1,0,3,1
1125,2026-06-16T07:24:42.742,51.59,17.32,19.38,10,1,2,1,1,1,0,3,1
1126,2026-06-16T07:24:42.765,95.5,45.11,10.47,10,1,2,1,1,1,0,3,1
1127,2026-06-16T07:24:42.798,90.21,30.34,11.09,10,1,2,1,1,1,0,3,1
1128,2026-06-16T07:24:42.833,76.17,28.92,13.13,10,1,2,1,1,1,0,3,1
1129,2026-06-16T07:24:42.861,96.0,35.31,10.42,10,1,2,1,1,1,0,3,1
1130,2026-06-16T07:24:42.893,96.51,31.09,10.36,11,2,2,1,1,1,0,3,1
1131,2026-06-16T07:24:42.925,92.99,30.98,10.75,9,1,1,1,1,1,0,3,1
1132,2026-06-16T07:24:42.957,94.31,31.38,10.6,10,1,2,1,1,1,0,3,1
1133,2026-06-16T07:24:42.989,97.29,31.73,10.28,10,1,2,1,1,1,0,3,1
1134,2026-06-16T07:24:43.031,49.42,23.37,20.23,9,2,1,1,1,1,0,2,1
1135,2026-06-16T07:24:43.053,90.96,45.26,10.99,10,1,2,1,1,1,0,3,1
1136,2026-06-16T07:24:43.085,95.39,31.83,10.48,10,1,2,1,1,1,0,3,1
1137,2026-06-16T07:24:43.117,97.74,31.39,10.23,10,1,2,1,1,1,0,3,1
1138,2026-06-16T07:24:43.164,96.47,20.84,10.37,9,1,1,1,1,1,0,3,1
1139,2026-06-16T07:24:43.197,97.2,31.32,10.29,10,1,2,1,1,1,0,3,1
1140,2026-06-16T07:24:43.239,49.75,23.47,20.1,9,1,1,1,1,1,0,3,1
1141,2026-06-16T07:24:43.260,96.25,46.53,10.39,10,1,2,1,1,1,0,3,1
1142,2026-06-16T07:24:43.293,97.03,31.39,10.31,9,1,1,1,1,1,0,3,1
1143,2026-06-16T07:24:43.325,97.11,31.04,10.3,10,1,2,1,1,1,0,3,1
1144,2026-06-16T07:24:43.367,48.91,23.47,20.45,9,1,1,1,1,1,0,3,1
1145,2026-06-16T07:24:43.388,94.31,46.48,10.6,9,1,1,1,1,1,0,3,1
1146,2026-06-16T07:24:43.421,92.99,31.04,10.75,9,1,1,1,1,1,0,3,1
1147,2026-06-16T07:24:43.454,84.5,29.86,11.83,10,1,2,1,1,1,0,3,1
1148,2026-06-16T07:24:43.485,88.15,32.12,11.34,9,1,1,1,1,1,0,3,1
1149,2026-06-16T07:24:43.516,95.06,32.32,10.52,9,1,1,1,1,1,0,3,1
1150,2026-06-16T07:24:43.566,87.88,20.38,11.38,9,1,1,1,1,1,0,3,1
1151,2026-06-16T07:24:43.606,52.24,24.85,19.14,9,1,2,0,1,1,0,3,1
1152,2026-06-16T07:24:43.629,95.71,43.99,10.45,10,1,2,1,1,1,0,3,1
1153,2026-06-16T07:24:43.662,88.57,30.1,11.29,9,1,1,1,1,1,0,3,1
1154,2026-06-16T07:24:43.692,97.37,32.68,10.27,9,1,1,1,1,1,0,3,1
1155,2026-06-16T07:24:43.724,94.64,30.95,10.57,9,1,0,1,1,1,0,4,1
1156,2026-06-16T07:24:43.762,65.98,26.87,15.15,9,1,2,0,1,1,0,3,1
1157,2026-06-16T07:24:43.789,94.91,37.45,10.54,8,1,1,1,1,1,0,2,1
1158,2026-06-16T07:24:43.820,95.86,31.61,10.43,8,1,1,0,1,1,0,3,1
1159,2026-06-16T07:24:43.854,95.8,30.16,10.44,8,1,1,0,1,1,0,3,1
1160,2026-06-16T07:24:43.886,88.46,30.7,11.3,10,1,2,1,1,1,0,3,1
1161,2026-06-16T07:24:43.917,96.99,32.99,10.31,9,1,1,1,1,1,0,3,1
1162,2026-06-16T07:24:43.975,50.71,17.05,19.72,10,1,2,1,1,1,0,3,1
1163,2026-06-16T07:24:43.999,84.35,42.54,11.86,10,1,2,1,1,1,0,3,1
1164,2026-06-16T07:24:44.029,95.89,33.34,10.43,9,1,1,1,1,1,0,3,1
1165,2026-06-16T07:24:44.067,63.0,26.21,15.87,9,1,1,1,1,1,0,3,1
1166,2026-06-16T07:24:44.094,90.58,37.02,11.04,9,1,1,1,1,1,0,3,1
1167,2026-06-16T07:24:44.125,94.39,32.09,10.59,10,1,2,1,1,1,0,3,1
1168,2026-06-16T07:24:44.157,94.05,30.25,10.63,11,2,2,1,1,1,0,3,1
1169,2026-06-16T07:24:44.189,95.15,32.4,10.51,9,1,0,1,1,1,0,4,1
1170,2026-06-16T07:24:44.221,97.69,31.53,10.24,10,2,1,0,1,1,0,4,1
1171,2026-06-16T07:24:44.263,49.41,23.3,20.24,10,1,2,1,1,1,0,3,1
1172,2026-06-16T07:24:44.285,91.51,45.61,10.93,10,1,2,1,1,1,0,3,1
1173,2026-06-16T07:24:44.324,62.06,26.31,16.11,8,1,1,1,1,1,0,2,1
1174,2026-06-16T07:24:44.370,64.92,21.31,15.4,9,2,1,0,1,1,0,3,1
1175,2026-06-16T07:24:44.397,95.58,37.88,10.46,9,1,1,1,1,1,0,3,1
1176,2026-06-16T07:24:44.429,96.03,31.43,10.41,8,1,1,0,1,1,0,3,1
1177,2026-06-16T07:24:44.464,83.37,28.62,11.99,9,1,1,1,1,1,0,3,1
1178,2026-06-16T07:24:44.493,93.47,33.5,10.7,10,1,2,1,1,1,0,3,1
1179,2026-06-16T07:24:44.525,96.87,31.93,10.32,10,2,1,1,1,1,0,3,1
1180,2026-06-16T07:24:44.559,83.77,29.13,11.94,10,1,1,1,1,1,0,4,1
1181,2026-06-16T07:24:44.593,77.02,29.89,12.98,11,2,2,1,1,1,0,3,1
1182,2026-06-16T07:24:44.621,95.33,35.26,10.49,10,1,2,1,1,1,0,3,1
1183,2026-06-16T07:24:44.653,95.44,31.14,10.48,11,2,2,1,1,1,0,3,1
1184,2026-06-16T07:24:44.685,95.51,31.35,10.47,11,1,2,1,1,1,0,4,1
1185,2026-06-16T07:24:44.717,90.69,30.77,11.03,9,1,2,0,1,1,0,3,1
1186,2026-06-16T07:24:44.776,47.99,16.88,20.84,10,1,2,1,1,1,0,3,1
1187,2026-06-16T07:24:44.797,95.62,49.29,10.46,9,1,1,1,1,1,0,3,1
1188,2026-06-16T07:24:44.829,94.81,31.09,10.55,10,1,2,0,1,1,0,4,1
1189,2026-06-16T07:24:44.869,56.69,25.12,17.64,9,1,1,1,1,1,0,3,1
1190,2026-06-16T07:24:44.893,95.42,41.77,10.48,8,1,1,0,1,1,0,3,1
1191,2026-06-16T07:24:44.926,88.66,30.53,11.28,10,1,2,1,1,1,0,3,1
1192,2026-06-16T07:24:44.957,95.12,31.66,10.51,9,1,2,0,1,1,0,3,1
1193,2026-06-16T07:24:44.990,89.76,30.17,11.14,10,1,2,1,1,1,0,3,1
1194,2026-06-16T07:24:45.021,95.0,32.63,10.53,10,1,2,1,1,1,0,3,1
1195,2026-06-16T07:24:45.053,93.33,31.11,10.71,9,1,1,1,1,1,0,3,1
1196,2026-06-16T07:24:45.092,60.39,25.83,16.56,10,1,3,0,1,1,0,3,1
1197,2026-06-16T07:24:45.116,97.42,40.42,10.26,9,1,1,1,1,1,0,3,1
1198,2026-06-16T07:24:45.166,87.56,20.33,11.42,8,1,1,0,1,1,0,3,1
1199,2026-06-16T07:24:45.208,50.25,24.09,19.9,9,1,1,1,1,1,0,3,1
1200,2026-06-16T07:24:45.229,97.24,46.74,10.28,10,1,1,1,1,1,0,4,1
1201,2026-06-16T07:24:45.260,97.13,31.22,10.3,9,1,1,1,1,1,0,3,1
1202,2026-06-16T07:24:45.293,94.63,30.92,10.57,9,1,1,0,1,1,0,4,1
1203,2026-06-16T07:24:45.325,94.68,31.18,10.56,11,1,2,1,1,1,0,4,1
1204,2026-06-16T07:24:45.357,96.08,31.66,10.41,9,1,0,1,1,1,0,4,1
1205,2026-06-16T07:24:45.395,61.3,25.92,16.31,9,1,2,0,1,1,0,3,1
1206,2026-06-16T07:24:45.422,87.94,37.15,11.37,9,1,1,1,1,1,0,3,1
1207,2026-06-16T07:24:45.454,87.0,31.44,11.49,10,1,2,0,1,1,0,4,1
1208,2026-06-16T07:24:45.485,90.76,31.76,11.02,9,1,1,1,1,1,0,3,1
1209,2026-06-16T07:24:45.516,96.1,32.03,10.41,8,1,1,0,1,1,0,3,1
1210,2026-06-16T07:24:45.549,96.12,31.32,10.4,8,1,1,0,1,1,0,3,1
1211,2026-06-16T07:24:45.597,93.08,20.58,10.74,9,1,2,0,1,1,0,3,1
1212,2026-06-16T07:24:45.639,50.23,23.66,19.91,9,1,1,1,1,1,0,3,1
1213,2026-06-16T07:24:45.661,91.8,45.69,10.89,9,1,1,1,1,1,0,3,1
1214,2026-06-16T07:24:45.703,50.36,23.86,19.86,10,1,2,1,1,1,0,3,1
1215,2026-06-16T07:24:45.725,94.22,45.91,10.61,9,1,1,1,1,1,0,3,1
1216,2026-06-16T07:24:45.757,93.67,31.21,10.68,9,1,2,0,1,1,0,3,1
1217,2026-06-16T07:24:45.794,70.89,27.55,14.11,10,1,2,0,1,1,0,4,1
1218,2026-06-16T07:24:45.821,96.09,36.5,10.41,9,1,1,1,1,1,0,3,1
1219,2026-06-16T07:24:45.854,88.5,29.87,11.3,9,1,1,1,1,1,0,3,1
1220,2026-06-16T07:24:45.885,97.53,33.1,10.25,8,1,1,0,1,1,0,3,1
1221,2026-06-16T07:24:45.917,97.08,31.0,10.3,10,1,2,1,1,1,0,3,1
1222,2026-06-16T07:24:45.948,96.7,31.1,10.34,10,2,1,1,1,1,0,3,1
1223,2026-06-16T07:24:46.008,49.98,17.13,20.01,10,2,0,1,1,1,0,4,1
1224,2026-06-16T07:24:46.029,93.08,45.7,10.74,10,2,0,1,1,1,0,4,1
1225,2026-06-16T07:24:46.062,87.09,30.21,11.48,9,1,1,1,1,1,0,3,1
1226,2026-06-16T07:24:46.098,69.7,28.38,14.35,9,1,1,1,1,1,0,3,1
1227,2026-06-16T07:24:46.124,95.91,36.84,10.43,9,1,1,1,1,1,0,3,1
1228,2026-06-16T07:24:46.156,94.1,31.01,10.63,9,2,1,0,1,1,0,3,1
1229,2026-06-16T07:24:46.189,96.95,31.46,10.32,10,2,1,1,1,1,0,3,1
1230,2026-06-16T07:24:46.221,96.34,31.26,10.38,9,1,1,1,1,1,0,3,1
1231,2026-06-16T07:24:46.252,94.9,31.1,10.54,9,1,2,0,1,1,0,3,1
1232,2026-06-16T07:24:46.286,89.15,29.92,11.22,9,1,2,0,1,1,0,3,1
1233,2026-06-16T07:24:46.317,94.88,32.61,10.54,9,1,1,1,1,1,0,3,1
1234,2026-06-16T07:24:46.359,51.12,23.85,19.56,11,2,2,1,1,1,0,3,1
1235,2026-06-16T07:24:46.404,62.59,22.48,15.98,10,2,1,1,1,1,0,3,1
1236,2026-06-16T07:24:46.428,96.95,39.22,10.31,10,2,2,0,1,1,0,3,1
1237,2026-06-16T07:24:46.472,47.95,23.07,20.85,9,1,1,1,1,1,0,3,1
1238,2026-06-16T07:24:46.495,82.9,43.59,12.06,10,2,1,1,1,1,0,3,1
1239,2026-06-16T07:24:46.526,91.26,32.97,10.96,10,1,2,1,1,1,0,3,1
1240,2026-06-16T07:24:46.557,92.27,31.24,10.84,10,2,1,1,1,1,0,3,1
1241,2026-06-16T07:24:46.588,96.03,31.77,10.41,9,1,1,1,1,1,0,3,1
1242,2026-06-16T07:24:46.630,52.25,24.1,19.14,12,2,2,1,1,1,0,4,1
1243,2026-06-16T07:24:46.654,89.88,43.26,11.13,9,1,2,0,1,1,0,3,1
1244,2026-06-16T07:24:46.685,96.12,31.84,10.4,11,2,3,0,1,1,0,3,1
1245,2026-06-16T07:24:46.718,90.78,30.36,11.02,10,1,1,1,1,1,0,4,1
1246,2026-06-16T07:24:46.751,82.54,30.56,12.12,10,2,1,1,1,1,0,3,1
1247,2026-06-16T07:24:46.797,95.42,21.61,10.48,9,1,2,0,1,1,0,3,1
1248,2026-06-16T07:24:46.829,95.72,31.21,10.45,10,2,1,1,1,1,0,3,1
1249,2026-06-16T07:24:46.861,96.03,31.49,10.41,9,1,1,1,1,1,0,3,1
1250,2026-06-16T07:24:46.893,95.07,31.05,10.52,10,1,2,1,1,1,0,3,1
1251,2026-06-16T07:24:46.930,66.81,26.82,14.97,10,2,1,1,1,1,0,3,1
1252,2026-06-16T07:24:46.957,96.03,37.57,10.41,9,2,1,0,1,1,0,3,1
1253,2026-06-16T07:24:46.988,96.74,31.04,10.34,12,2,2,1,1,1,0,4,1
1254,2026-06-16T07:24:47.021,97.31,31.23,10.28,10,2,1,1,1,1,0,3,1
1255,2026-06-16T07:24:47.053,93.86,31.12,10.65,9,1,2,1,1,1,0,2,1
1256,2026-06-16T07:24:47.085,97.72,31.53,10.23,12,2,3,1,1,1,0,3,1
1257,2026-06-16T07:24:47.127,51.12,23.78,19.56,11,2,2,0,1,1,0,4,1
1258,2026-06-16T07:24:47.151,88.81,42.49,11.26,10,2,1,1,1,1,0,3,1
1259,2026-06-16T07:24:47.197,97.03,21.28,10.31,11,2,2,1,1,1,0,3,1
1260,2026-06-16T07:24:47.236,58.98,25.9,16.96,10,1,2,1,1,1,0,3,1
1261,2026-06-16T07:24:47.261,95.52,40.35,10.47,10,2,1,1,1,1,0,3,1
1262,2026-06-16T07:24:47.293,95.72,31.18,10.45,10,1,2,1,1,1,0,3,1
1263,2026-06-16T07:24:47.328,77.85,28.49,12.85,10,1,2,1,1,1,0,3,1
1264,2026-06-16T07:24:47.357,93.97,34.5,10.64,9,1,1,1,1,1,0,3,1
1265,2026-06-16T07:24:47.391,87.82,29.93,11.39,10,2,1,1,1,1,0,3,1
1266,2026-06-16T07:24:47.421,93.6,32.57,10.68,9,1,1,1,1,1,0,3,1
1267,2026-06-16T07:24:47.453,83.32,30.13,12.0,9,1,1,1,1,1,0,3,1
1268,2026-06-16T07:24:47.485,92.3,32.3,10.83,9,1,1,1,1,1,0,3,1
1269,2026-06-16T07:24:47.516,95.91,31.76,10.43,10,1,2,1,1,1,0,3,1
1270,2026-06-16T07:24:47.549,89.92,30.54,11.12,10,2,1,1,1,1,0,3,1
1271,2026-06-16T07:24:47.598,87.52,20.35,11.43,11,2,2,1,1,1,0,3,1
1272,2026-06-16T07:24:47.629,95.57,33.07,10.46,10,2,1,1,1,1,0,3,1
1273,2026-06-16T07:24:47.661,96.19,31.23,10.4,10,2,1,1,1,1,0,3,1
1274,2026-06-16T07:24:47.693,94.21,31.23,10.61,9,1,1,1,1,1,0,3,1
1275,2026-06-16T07:24:47.725,96.34,31.42,10.38,9,1,1,1,1,1,0,3,1
1276,2026-06-16T07:24:47.764,58.87,25.35,16.99,9,1,1,1,1,1,0,3,1
1277,2026-06-16T07:24:47.789,96.02,40.41,10.41,10,2,1,1,1,1,0,3,1
1278,2026-06-16T07:24:47.822,89.75,30.27,11.14,9,1,1,1,1,1,0,3,1
1279,2026-06-16T07:24:47.853,93.87,32.08,10.65,10,1,1,1,1,1,0,4,1
1280,2026-06-16T07:24:47.884,96.62,31.64,10.35,10,2,1,1,1,1,0,3,1
1281,2026-06-16T07:24:47.917,95.93,31.18,10.42,9,1,0,1,1,1,0,4,1
1282,2026-06-16T07:24:47.958,52.18,24.27,19.16,9,1,1,1,1,1,0,3,1
1283,2026-06-16T07:24:47.981,95.92,43.95,10.43,9,1,1,1,1,1,0,3,1
1284,2026-06-16T07:24:48.039,50.12,17.07,19.95,9,1,0,1,1,1,0,4,1
1285,2026-06-16T07:24:48.061,95.11,46.46,10.51,9,1,1,1,1,1,0,3,1
1286,2026-06-16T07:24:48.093,95.16,31.2,10.51,10,1,1,1,1,1,0,4,1
1287,2026-06-16T07:24:48.124,96.68,31.56,10.34,9,1,0,1,1,1,0,4,1
1288,2026-06-16T07:24:48.162,67.77,26.71,14.76,10,2,1,1,1,1,0,3,1
1289,2026-06-16T07:24:48.189,96.89,37.65,10.32,9,1,1,1,1,1,0,3,1
1290,2026-06-16T07:24:48.220,97.93,31.45,10.21,9,1,0,1,1,1,0,4,1
1291,2026-06-16T07:24:48.256,77.58,27.45,12.89,10,1,1,1,1,1,0,4,1
1292,2026-06-16T07:24:48.285,96.49,35.93,10.36,9,1,1,1,1,1,0,3,1
1293,2026-06-16T07:24:48.317,97.36,31.27,10.27,9,1,1,1,1,1,0,3,1
1294,2026-06-16T07:24:48.349,93.77,30.81,10.66,8,1,1,0,1,1,0,3,1
1295,2026-06-16T07:24:48.380,95.45,31.41,10.48,10,1,1,1,1,1,0,4,1
1296,2026-06-16T07:24:48.429,94.23,20.71,10.61,10,1,1,1,1,1,0,4,1
1297,2026-06-16T07:24:48.467,62.73,26.65,15.94,9,1,1,1,1,1,0,3,1
1298,2026-06-16T07:24:48.493,92.73,37.8,10.78,8,1,0,1,1,1,0,3,1
1299,2026-06-16T07:24:48.525,97.23,31.9,10.29,9,1,1,1,1,1,0,3,1
1300,2026-06-16T07:24:48.566,51.32,23.98,19.49,8,1,1,0,1,1,0,3,1
1301,2026-06-16T07:24:48.589,94.31,44.05,10.6,9,1,1,1,1,1,0,3,1
1302,2026-06-16T07:24:48.620,95.51,31.44,10.47,9,1,1,1,1,1,0,3,1
1303,2026-06-16T07:24:48.663,50.7,23.86,19.72,9,1,1,1,1,1,0,3,1
1304,2026-06-16T07:24:48.686,87.35,42.17,11.45,10,1,2,1,1,1,0,3,1
1305,2026-06-16T07:24:48.717,96.76,32.94,10.33,9,1,1,1,1,1,0,3,1
1306,2026-06-16T07:24:48.749,95.63,31.2,10.46,10,1,2,1,1,1,0,3,1
1307,2026-06-16T07:24:48.781,87.54,30.44,11.42,9,1,1,1,1,1,0,3,1
1308,2026-06-16T07:24:48.829,92.07,20.97,10.86,9,1,0,1,1,1,0,4,1
1309,2026-06-16T07:24:48.861,97.48,31.85,10.26,10,1,1,1,1,1,0,4,1
1310,2026-06-16T07:24:48.894,90.78,30.12,11.02,10,1,1,1,1,1,0,4,1
1311,2026-06-16T07:24:48.925,96.2,32.54,10.39,9,1,1,1,1,1,0,3,1
1312,2026-06-16T07:24:48.957,90.81,30.32,11.01,11,1,2,1,1,1,0,4,1
1313,2026-06-16T07:24:48.997,57.07,25.63,17.52,9,1,0,1,1,1,0,4,1
1314,2026-06-16T07:24:49.020,97.13,41.72,10.3,10,1,1,1,1,1,0,4,1
1315,2026-06-16T07:24:49.053,95.51,30.72,10.47,12,1,3,1,1,1,0,4,1
1316,2026-06-16T07:24:49.085,96.88,31.48,10.32,11,1,2,1,1,1,0,4,1
1317,2026-06-16T07:24:49.128,50.39,23.35,19.85,11,1,2,1,1,1,0,4,1
1318,2026-06-16T07:24:49.149,96.08,47.14,10.41,10,1,1,1,1,1,0,4,1
1319,2026-06-16T07:24:49.180,96.76,31.5,10.33,10,1,1,1,1,1,0,4,1
1320,2026-06-16T07:24:49.229,96.24,20.68,10.39,11,1,2,1,1,1,0,4,1
1321,2026-06-16T07:24:49.261,97.28,31.53,10.28,11,1,2,1,1,1,0,4,1
1322,2026-06-16T07:24:49.303,51.69,23.89,19.35,10,1,1,1,1,1,0,4,1
1323,2026-06-16T07:24:49.326,87.16,42.12,11.47,9,1,0,1,1,1,0,4,1
1324,2026-06-16T07:24:49.367,49.84,24.58,20.06,9,1,0,1,1,1,0,4,1
1325,2026-06-16T07:24:49.389,96.26,45.96,10.39,11,1,2,1,1,1,0,4,1
1326,2026-06-16T07:24:49.421,95.37,31.18,10.49,11,1,2,1,1,1,0,4,1
1327,2026-06-16T07:24:49.454,88.02,29.89,11.36,12,1,3,1,1,1,0,4,1
1328,2026-06-16T07:24:49.486,87.31,31.58,11.45,10,1,1,1,1,1,0,4,1
1329,2026-06-16T07:24:49.516,96.66,32.56,10.35,10,1,2,1,1,1,0,3,1
1330,2026-06-16T07:24:49.550,87.42,29.93,11.44,10,1,1,1,1,1,0,4,1
1331,2026-06-16T07:24:49.581,94.9,32.47,10.54,10,1,1,1,1,1,0,4,1
1332,2026-06-16T07:24:49.629,92.57,20.67,10.8,10,1,1,1,1,1,0,4,1
